saleyear,salemonth,salesprice,area,beds,baths,stories,yearbuilt,neighborhood,community,lotsize,numfireplaces,fireplace
2012,6,690467.0319,3937,5,4,2.5,1907,Lowry Hill,Calhoun-Isles,6192,0,FALSE
2014,7,235571.7017,1440,2,1,1.7,1919,Cooper,Longfellow,5160,0,FALSE
2005,7,272507.6655,1835,2,1,1.7,1913,Hiawatha,Longfellow,5040,0,FALSE
2010,6,277767.4667,2016,3,2,2.5,1910,King Field,Southwest,4875,0,FALSE
2010,2,148324.0596,2004,3,1,1,1956,Shingle Creek,Camden,5060,0,FALSE
2013,9,242871.9214,2822,3,3,2,1934,Cleveland,Camden,6307,2,TRUE
2011,1,442942.4876,2882,4,3,1.7,1951,Armatage,Southwest,6500,2,TRUE
2007,9,336270.1357,1979,3,2,1.5,1929,Ericsson,Nokomis,5600,0,FALSE
2013,10,361795.9147,3140,4,2,1.5,1940,Diamond Lake,Nokomis,6350,1,TRUE
2007,6,308541.803,3574,3,2,2.5,1900,Seward,Longfellow,7536,0,FALSE
2013,7,177122.5419,1248,3,2,1,1917,Cooper,Longfellow,5160,0,FALSE
2011,8,293051.7899,2122,3,2,2.5,1907,Lyndale,Powderhorn,4991,0,FALSE
2012,5,225456.358,1752,2,2,1.5,1915,Keewaydin,Nokomis,6384,0,FALSE
2010,2,272916.2697,2696,3,1,1.5,1931,Field,Nokomis,5192,1,TRUE
2015,7,384514.4811,2835,3,2,1.5,1929,Northrop,Nokomis,5208,1,TRUE
2015,6,705157.4328,4765,6,2,2.5,1886,Lowry Hill,Calhoun-Isles,6750,1,TRUE
2007,10,271147.1868,1728,2,2,1,1923,Armatage,Southwest,3973,0,FALSE
2015,6,474082.7663,2560,3,2,1.7,1947,Kenny,Southwest,6350,1,TRUE
2010,4,227697.9067,1704,2,1,1.2,1922,Longfellow,Longfellow,4953,0,FALSE
2013,4,468271.3926,2648,3,3,1.7,1905,East Harriet,Southwest,5420,0,FALSE
2014,2,114930.4385,1834,3,2,1.5,1948,Folwell,Camden,4641,0,FALSE
2012,5,240674.6621,2016,3,2,2,2000,Como,University,5240,0,FALSE
2007,7,217334.0462,1812,2,1,1,1946,Morris Park,Nokomis,5120,0,FALSE
2005,6,332762.0031,2383,3,2,2.2,1904,CARAG,Calhoun-Isles,4857,0,FALSE
2013,8,193266.3971,2642,4,2,2.5,1900,Lyndale,Powderhorn,6680,0,FALSE
2011,12,274591.0757,4126,3,4,2,2012,Linden Hills,Southwest,6430,1,TRUE
2011,1,426506.99,2976,4,3,1.5,1920,Fulton,Southwest,5120,1,TRUE
2009,2,211999.8007,1890,2,2,2,1900,Sheridan,Northeast,2970,0,FALSE
2007,1,257270.1721,2262,3,2,1.7,1909,Seward,Longfellow,2081,1,TRUE
2012,6,264848.261,1950,3,2,1.2,1940,Hale,Nokomis,5098,0,FALSE
2014,9,167194.701,1198,2,1,1.5,1900,Powderhorn Park,Powderhorn,3700,0,FALSE
2006,2,254720.8024,1875,3,1,1.2,1923,Field,Nokomis,5207,0,FALSE
2009,6,240070.7668,1771,3,2,1.7,1904,Central,Powderhorn,7565,0,FALSE
2014,8,258410.3091,2166,3,2,1.5,1946,Bancroft,Powderhorn,4990,0,FALSE
2011,1,160275.2422,2078,3,1,2.5,1909,Central,Powderhorn,5200,0,FALSE
2013,11,295159.4703,1990,2,2,1.7,1900,King Field,Southwest,5240,0,FALSE
2011,7,171581.4459,1882,3,2,1.2,1949,Ericsson,Nokomis,5120,1,TRUE
2012,5,139782.9419,2240,3,2,1,1954,Marshall Terrace,Northeast,7991,0,FALSE
2006,11,357379.802,2652,4,2,2.5,1911,Central,Powderhorn,5098,0,FALSE
2013,11,103526.0829,1876,2,1,1.2,1927,Folwell,Camden,5040,0,FALSE
2010,7,177723.8574,2463,4,3,1.5,1917,Como,University,5360,1,TRUE
2013,10,252672.3528,1956,2,1,1.2,1926,Howe,Longfellow,5704,1,TRUE
2013,11,216413.5669,2112,3,1,1.2,1921,Standish,Powderhorn,5080,0,FALSE
2009,7,218529.512,1560,2,1,1.2,1942,Wenonah,Nokomis,5150,0,FALSE
2006,6,274560.8404,2367,4,2,2,1925,Hiawatha,Longfellow,6144,0,FALSE
2006,9,316559.0533,2220,3,1,1.2,1922,Audubon Park,Northeast,5040,1,TRUE
2015,2,368097.7641,2236,3,2,1.5,1940,Keewaydin,Nokomis,5880,0,FALSE
2005,7,297641.8676,1952,3,1,1,1924,Como,University,5080,0,FALSE
2014,5,152353.8102,2183,4,1,1,1994,Shingle Creek,Camden,7540,0,FALSE
2005,9,369487.2113,2094,2,2,1.7,1946,Bryn - Mawr,Calhoun-Isles,7370,2,TRUE
2012,7,646843.9739,3094,4,3,1.5,1939,Cedar - Isles - Dean,Calhoun-Isles,6400,2,TRUE
2008,6,149978.3227,1872,3,1,1.2,1928,Cleveland,Camden,5107,1,TRUE
2009,10,306041.6334,2628,4,2,1.5,1933,Howe,Longfellow,4960,1,TRUE
2011,6,274676.1563,2006,3,1,2,1930,Keewaydin,Nokomis,5120,1,TRUE
2012,7,225464.883,1872,2,1,1.2,1926,Keewaydin,Nokomis,5120,1,TRUE
2014,1,169845.976,1758,2,1,1.5,1907,Powderhorn Park,Powderhorn,4879,0,FALSE
2005,3,360499.6375,2359,3,2,1.5,1946,Armatage,Southwest,5842,1,TRUE
2013,4,230798.8455,1638,3,2,1,1967,Seward,Longfellow,5926,0,FALSE
2005,4,1131390.811,3789,5,2,2.5,1900,Lowry Hill,Calhoun-Isles,6192,2,TRUE
2013,11,192899.9299,1950,3,1,1.5,1909,Windom Park,Northeast,5712,0,FALSE
2013,11,144275.7112,2016,3,2,1.2,1956,Shingle Creek,Camden,5312,0,FALSE
2014,12,109130.928,2232,2,1,1.2,1920,McKinley,Camden,5052,0,FALSE
2006,4,307025.0922,2298,3,2,1.7,1915,Como,University,4960,0,FALSE
2008,10,149707.7076,1824,3,2,1,1924,Howe,Longfellow,5600,0,FALSE
2005,8,479886.5885,2846,4,2,1.5,1936,Diamond Lake,Nokomis,6045,2,TRUE
2010,11,243041.8872,2010,3,3,1.7,1912,Linden Hills,Southwest,5625,1,TRUE
2013,10,937866.8116,3726,4,4,2,1925,Lynnhurst,Southwest,11290,2,TRUE
2008,10,327931.1689,3332,4,3,1,1978,Windom,Southwest,21312,0,FALSE
2014,3,236929.6253,1740,4,2,1.2,1953,Northeast Park,Northeast,6250,0,FALSE
2005,6,272864.8425,1658,2,2,1.2,1924,Cleveland,Camden,4468,0,FALSE
2014,8,247389.8695,2212,3,1,1,1953,Diamond Lake,Nokomis,7036,2,TRUE
2013,4,339246.4959,2481,4,3,1.2,1950,Windom,Southwest,7080,1,TRUE
2009,10,271507.7526,2356,4,2,2.5,1900,Windom Park,Northeast,8280,0,FALSE
2005,4,332762.0031,1914,3,2,1.2,1949,Armatage,Southwest,5080,0,FALSE
2014,3,227207.755,1874,4,1,1.7,1910,Como,University,4960,0,FALSE
2015,7,297755.0165,1948,3,2,1,1919,Northrop,Nokomis,4085,1,TRUE
2008,4,326585.2614,1999,3,2,1.7,1915,Audubon Park,Northeast,5020,0,FALSE
2012,4,114744.9375,1264,1,1,1.2,1922,Morris Park,Nokomis,5120,1,TRUE
2012,9,252227.0156,2592,4,2,1.5,1928,Bottineau,Northeast,6751,0,FALSE
2006,3,156217.8468,928,2,2,1.5,1910,Audubon Park,Northeast,4508,0,FALSE
2013,6,257330.4136,2344,3,2,1.5,1927,Longfellow,Longfellow,6192,2,TRUE
2011,9,147915.1092,2556,4,2,1.5,1926,Folwell,Camden,5124,1,TRUE
2006,9,273334.1223,1188,3,1,1.7,1910,Willard - Hay,Near North,5888,0,FALSE
2013,2,215833.8091,2280,3,1,1.2,1923,Keewaydin,Nokomis,5880,0,FALSE
2011,2,722703.8008,3832,5,4,2,1928,Linden Hills,Southwest,6000,2,TRUE
2009,4,393931.6155,2755,4,2,2.5,1905,Lyndale,Powderhorn,6680,1,TRUE
2007,5,241918.4832,1651,2,1,1.2,1910,Ericsson,Nokomis,5080,0,FALSE
2015,12,792684.0146,2900,4,4,2,2015,Linden Hills,Southwest,7424,1,TRUE
2008,5,313881.8631,2172,3,2,1.7,1908,Seward,Longfellow,5875,0,FALSE
2011,11,693450.5324,4018,4,4,2,1934,Cedar - Isles - Dean,Calhoun-Isles,10880,2,TRUE
2008,9,233762.2171,1376,2,2,1,1920,Howe,Longfellow,5080,0,FALSE
2014,6,511885.4787,3960,4,2,2,1915,Tangletown,Southwest,12550,2,TRUE
2009,6,144042.4601,1620,3,1,1.5,1912,Harrison,Near North,12474,0,FALSE
2013,6,183015.1649,2296,3,1,1.2,1951,Armatage,Southwest,5715,0,FALSE
2013,12,226827.2104,2772,5,3,1.7,1912,King Field,Southwest,5292,0,FALSE
2005,4,665524.0062,2668,3,3,2,1911,Lynnhurst,Southwest,5400,1,TRUE
2007,7,155238.6045,1240,2,1,1.5,1904,Cleveland,Camden,5359,0,FALSE
2013,1,233698.5225,1544,2,1,1.2,1922,Howe,Longfellow,6016,0,FALSE
2015,6,324372.4191,1929,2,1,1.7,1912,East Harriet,Southwest,5334,0,FALSE
2009,8,294269.6354,2136,3,2,1,1955,Armatage,Southwest,6384,2,TRUE
2013,6,376012.9751,2683,3,3,1.2,1941,Waite Park,Northeast,6875,2,TRUE
2007,9,351105.5829,2280,3,1,1.2,1946,Diamond Lake,Nokomis,6105,2,TRUE
2015,10,215817.6442,1596,2,1,1,1925,Field,Nokomis,4440,0,FALSE
2012,10,215819.8292,1800,3,2,1.2,1924,Standish,Powderhorn,5040,0,FALSE
2008,9,217918.9225,1920,4,2,1,1975,St. Anthony West,Northeast,6240,0,FALSE
2009,9,238879.6494,1818,3,1,1.5,1900,Marcy Holmes,University,6105,1,TRUE
2007,3,163268.7736,682,1,1,1,1923,Como,University,5080,0,FALSE
2011,5,312522.9754,2373,3,2,1.2,1937,Diamond Lake,Nokomis,6000,1,TRUE
2013,11,295159.4703,2206,3,2,1,1953,Armatage,Southwest,6350,0,FALSE
2015,8,114813.257,2208,3,1,1.2,1916,McKinley,Camden,5774,0,FALSE
2015,5,432315.7185,2184,3,2,1.2,1921,East Harriet,Southwest,5628,1,TRUE
2010,10,305925.8,2642,3,2,1.2,1940,Waite Park,Northeast,8946,2,TRUE
2013,5,375240.3048,2640,3,2,1,1957,Armatage,Southwest,6625,2,TRUE
2008,10,255453.628,2036,3,2,1.2,1941,Northrop,Nokomis,5418,1,TRUE
2012,6,180401.4353,1360,3,1,1.5,1911,Bryn - Mawr,Calhoun-Isles,5120,0,FALSE
2006,3,251110.5058,2044,2,2,1.2,1928,Willard - Hay,Near North,5625,0,FALSE
2013,5,255719.3188,2174,3,4,2,1999,Standish,Powderhorn,5080,0,FALSE
2013,1,266972.7407,1956,3,2,1,1951,Kenny,Southwest,6840,2,TRUE
2015,4,169174.4207,2296,3,2,2,2009,Near - North,Near North,5740,0,FALSE
2013,6,210744.7353,1632,3,2,1,1946,Northrop,Nokomis,6095,0,FALSE
2013,8,309226.2354,2590,3,1,2,1922,Regina,Nokomis,4656,1,TRUE
2007,9,383867.1954,2318,3,3,1.2,1947,Hale,Nokomis,6200,1,TRUE
2011,11,339348.1329,2828,3,2,1,1957,Armatage,Southwest,6700,2,TRUE
2010,4,815324.5355,3609,4,3,2,1923,Fulton,Southwest,6864,2,TRUE
2005,3,316438.5707,1975,3,1,1.2,1917,Cooper,Longfellow,4960,0,FALSE
2009,11,103730.6204,1604,1,1,1.2,1941,Folwell,Camden,5032,0,FALSE
2014,1,392837.3058,1784,3,1,1.7,1910,Linden Hills,Southwest,5670,0,FALSE
2006,8,297294.6026,2040,4,3,1.5,1925,Audubon Park,Northeast,5120,0,FALSE
2015,8,378017.2329,2420,3,2,2.2,1910,CARAG,Calhoun-Isles,5120,1,TRUE
2013,9,110285.9316,1188,1,1,1,1925,Ericsson,Nokomis,4880,0,FALSE
2012,3,154261.4763,2750,4,2,2.5,1905,Central,Powderhorn,5152,0,FALSE
2007,7,195849.0234,2020,2,1,1.7,1902,Lyndale,Powderhorn,4248,0,FALSE
2014,8,305912.2042,2052,3,1,1,1955,Armatage,Southwest,5080,0,FALSE
2008,1,783774.0722,3588,4,4,2.5,1925,Tangletown,Southwest,5600,2,TRUE
2012,10,234852.9343,2382,4,2,2,1900,Audubon Park,Northeast,5460,0,FALSE
2014,7,743624.9568,3225,4,4,2.2,1927,Fulton,Southwest,5120,1,TRUE
2007,7,167533.5019,899,2,1,1,1950,Lind - Bohanon,Camden,5888,0,FALSE
2010,9,222654.1015,2854,3,2,2,2005,Powderhorn Park,Powderhorn,5102,0,FALSE
2015,8,241541.0972,1872,4,2,1,1952,Armatage,Southwest,6096,0,FALSE
2014,12,280466.4849,1925,2,2,1.2,1925,Diamond Lake,Nokomis,6402,1,TRUE
2006,7,457323.103,2971,3,4,2.5,1908,Seward,Longfellow,8211,1,TRUE
2006,8,189636.0039,1491,2,1,1,1922,Cleveland,Camden,5431,0,FALSE
2006,4,314732.8351,2606,4,2,1.2,1938,Willard - Hay,Near North,6350,2,TRUE
2015,11,204727.9648,1580,2,1,1.2,1925,Audubon Park,Northeast,5040,0,FALSE
2010,1,228320.1942,1725,3,1,1.2,1950,Morris Park,Nokomis,5120,0,FALSE
2013,8,137716.1127,1440,1,1,1,1909,Cooper,Longfellow,6144,0,FALSE
2006,6,268300.4955,1420,2,2,1.2,1927,Diamond Lake,Nokomis,5080,0,FALSE
2006,5,266405.3254,2018,3,2,1.2,1942,Willard - Hay,Near North,5120,0,FALSE
2010,11,221907.81,1680,2,2,1.2,1928,Hiawatha,Longfellow,10943,0,FALSE
2006,3,258082.2113,1872,3,2,1.2,1912,Willard - Hay,Near North,5680,0,FALSE
2007,6,442906.7817,2016,4,2,2,1928,Hale,Nokomis,6176,1,TRUE
2011,4,147266.858,1914,3,1,1.2,1952,Shingle Creek,Camden,5245,0,FALSE
2007,12,285935.955,1762,2,2,1.2,1924,Kenny,Southwest,5376,0,FALSE
2008,4,463967.9913,3192,3,1,1,1952,Linden Hills,Southwest,7710,0,FALSE
2014,7,325566.6052,2483,4,2,1.2,1928,Howe,Longfellow,5456,1,TRUE
2009,10,250072.93,2044,4,2,1.5,1952,Kenny,Southwest,5080,0,FALSE
2014,3,148558.9167,1425,2,1,1.5,1918,King Field,Southwest,2530,0,FALSE
2006,9,286047.3373,2240,3,1,1,1996,Folwell,Camden,5032,0,FALSE
2007,8,202989.5169,1460,5,2,1.2,1915,Seward,Longfellow,5160,0,FALSE
2012,2,787601.3997,3367,5,5,2,1951,Fulton,Southwest,6075,0,FALSE
2008,10,920821.2171,3549,5,4,2,1929,Lynnhurst,Southwest,5160,1,TRUE
2014,2,118214.1653,1952,3,1,1,1958,Jordan,Near North,5457,0,FALSE
2014,1,112755.8125,1664,2,1,1.2,1955,Shingle Creek,Camden,6280,0,FALSE
2008,9,260324.7669,1814,3,2,1.5,1904,Howe,Longfellow,8149,0,FALSE
2015,12,194890.7449,1728,2,2,1.2,1921,Standish,Powderhorn,4920,0,FALSE
2014,3,145281.8818,2604,3,3,2,2001,Near - North,Near North,5292,0,FALSE
2015,12,147418.6234,1664,2,2,1,1953,Shingle Creek,Camden,5375,0,FALSE
2006,8,280722.0098,2121,3,2,1.2,1924,Longfellow,Longfellow,5080,0,FALSE
2010,4,144683.0449,1894,2,1,1,1923,Webber - Camden,Camden,4727,0,FALSE
2014,1,131493.6588,2576,4,2,1.5,1925,Howe,Longfellow,6400,0,FALSE
2015,5,244768.5875,2416,3,2,1,1955,Diamond Lake,Nokomis,5240,2,TRUE
2009,10,201487.3322,1612,2,1,1,1951,Bryn - Mawr,Calhoun-Isles,6750,0,FALSE
2013,9,154913.6471,1878,2,1,1,1925,Diamond Lake,Nokomis,5280,1,TRUE
2010,9,212613.9961,1814,1,1,1.2,1940,Kenny,Southwest,5600,0,FALSE
2011,2,384589.9648,2990,4,2,2,1913,Tangletown,Southwest,9455,1,TRUE
2005,10,699271.5218,2864,4,3,2,1935,Lynnhurst,Southwest,6300,2,TRUE
2008,12,251240.5226,1961,3,1,1.2,1930,Waite Park,Northeast,5040,1,TRUE
2015,7,202547.0647,2052,1,2,2,1912,Waite Park,Northeast,5000,0,FALSE
2014,11,366636.7967,2298,3,2,1.7,1910,Linden Hills,Southwest,5670,0,FALSE
2007,8,437017.1862,1898,4,2,1.5,1911,Linden Hills,Southwest,5535,0,FALSE
2012,10,378436.0079,2257,3,2,1.2,1942,Armatage,Southwest,6350,1,TRUE
2010,5,444953.7484,1970,3,1,1,1947,Armatage,Southwest,5120,1,TRUE
2006,9,222481.2623,2370,3,2,1.5,1910,Jordan,Near North,5325,0,FALSE
2005,6,270868.2705,1952,3,1,1,1955,Columbia Park,Northeast,7360,0,FALSE
2009,11,317482.1621,2544,3,3,1.7,1911,Powderhorn Park,Powderhorn,5052,0,FALSE
2015,4,161425.1408,1782,2,1,1.2,1911,Holland,Northeast,5084,0,FALSE
2015,4,708349.6711,2647,3,3,2,1940,Kenwood,Calhoun-Isles,7405,1,TRUE
2006,4,167001.0962,924,1,1,1,1915,Victory,Camden,5151,0,FALSE
2010,8,580900.5199,3060,4,3,1.7,1910,Kenwood,Calhoun-Isles,4410,1,TRUE
2005,9,207504.2254,1552,2,1,1,1923,Hiawatha,Longfellow,5418,0,FALSE
2015,4,281593.5518,1932,4,2,1.2,1954,Como,University,5120,0,FALSE
2008,6,193252.7005,3513,3,1,2,1951,Waite Park,Northeast,6507,0,FALSE
2015,5,220998.838,2264,3,2,1,1959,Wenonah,Nokomis,6400,0,FALSE
2005,2,198192.1497,1864,4,1,1,1950,Folwell,Camden,5722,0,FALSE
2015,3,154054.5818,2246,3,3,1.2,1956,Victory,Camden,5062,0,FALSE
2015,6,278265.9715,2280,4,2,1.2,1925,Longfellow,Longfellow,5120,0,FALSE
2005,2,302278.5394,2590,3,1,1.2,1925,Regina,Nokomis,4640,1,TRUE
2005,4,392659.1637,1670,2,1,1.7,1924,Bryn - Mawr,Calhoun-Isles,6750,1,TRUE
2005,7,350555.9774,2234,3,2,1.2,1927,Northrop,Nokomis,5270,1,TRUE
2006,7,201532.2149,1440,2,1,1.2,1951,Lind - Bohanon,Camden,6505,0,FALSE
2015,9,320247.2442,2173,3,2,1.5,1921,Howe,Longfellow,5040,0,FALSE
2009,6,276081.3818,1568,2,1,1,1923,Bryn - Mawr,Calhoun-Isles,3900,0,FALSE
2005,10,246039.9799,1676,3,1,1.2,1916,Jordan,Near North,5374,0,FALSE
2006,7,221100.9167,1204,1,1,1,1922,Hiawatha,Longfellow,5120,0,FALSE
2005,7,760640.3284,3012,4,3,2,1947,Kenny,Southwest,5760,2,TRUE
2009,11,192269.5711,1868,3,1,1.2,1948,Regina,Nokomis,5120,1,TRUE
2012,6,248207.103,1858,3,3,1,1984,Hiawatha,Longfellow,5418,1,TRUE
2012,2,161020.7306,1728,2,1,1,1922,Field,Nokomis,4720,0,FALSE
2006,6,256801.9029,2556,3,1,1,1948,Hale,Nokomis,7615,1,TRUE
2006,7,247785.5101,2056,2,1,1.2,1917,Folwell,Camden,5587,0,FALSE
2009,11,189895.8727,1248,2,1,1.5,1912,Longfellow,Longfellow,5120,0,FALSE
2006,12,213619.4341,2128,2,1,1.7,1922,Folwell,Camden,7646,0,FALSE
2008,3,229380.3531,2384,3,2,1.2,1921,Howe,Longfellow,5600,0,FALSE
2005,11,374827.4205,1950,3,1,1.5,1926,Fulton,Southwest,5418,1,TRUE
2015,6,300885.2523,2028,3,3,2,1924,Bancroft,Powderhorn,3913,1,TRUE
2010,7,177723.8574,1696,2,1,1.5,1906,Corcoran,Powderhorn,6840,0,FALSE
2010,11,319359.388,2482,4,3,1.7,1910,Audubon Park,Northeast,5080,0,FALSE
2014,5,245071.9861,2376,4,1,2,1916,Bryant,Powderhorn,4756,1,TRUE
2011,9,156007.2035,2285,3,1,1.2,1929,Victory,Camden,5122,0,FALSE
2012,7,172566.9189,1949,3,1,1.7,1905,Como,University,4960,0,FALSE
2012,12,172833.4364,1530,2,1,1.5,1916,Howe,Longfellow,5207,0,FALSE
2006,4,134885.5007,2101,3,1,1.2,1917,Folwell,Camden,5030,0,FALSE
2011,9,133123.5983,1924,3,1,1.7,1908,Howe,Longfellow,3615,0,FALSE
2014,6,288003.5071,2467,3,2,1.5,1939,Keewaydin,Nokomis,5960,1,TRUE
2014,2,240806.6331,2398,3,2,1.2,1919,King Field,Southwest,5292,1,TRUE
2011,4,213997.153,1860,3,1,1.2,1952,Armatage,Southwest,5080,1,TRUE
2007,5,423980.8469,3158,4,3,2.5,1905,Lyndale,Powderhorn,7327,1,TRUE
2007,6,202667.1762,1338,1,1,1.2,1923,Morris Park,Nokomis,5120,0,FALSE
2015,6,123673.7651,1740,2,1,1.7,1924,Webber - Camden,Camden,5748,0,FALSE
2014,4,254042.7965,2922,4,2,1.5,1924,Longfellow,Longfellow,4992,0,FALSE
2006,10,343509.9356,2474,3,2,1.2,1939,Diamond Lake,Nokomis,5955,1,TRUE
2012,8,599934.9333,3147,5,2,2.5,1915,Tangletown,Southwest,11590,2,TRUE
2007,1,760404.4495,2838,4,5,2.2,1900,East Isles,Calhoun-Isles,4200,1,TRUE
2013,5,185674.4619,1828,5,2,1,1993,Central,Powderhorn,5200,0,FALSE
2011,6,270088.6631,1944,3,2,1.5,1950,Audubon Park,Northeast,5080,1,TRUE
2006,5,297016.3219,2495,3,2,1.7,1920,Windom,Southwest,5120,0,FALSE
2015,5,180584.8245,1361,2,2,1.5,1907,King Field,Southwest,5280,0,FALSE
2006,8,358651.1482,2121,4,2,1.2,1926,Fulton,Southwest,5040,1,TRUE
2006,6,383286.4222,2540,2,2,1,1953,Seward,Longfellow,8750,2,TRUE
2015,9,201918.6014,1496,2,2,1,1951,Wenonah,Nokomis,5120,0,FALSE
2011,1,116447.2487,1868,3,1,1.2,1948,Lind - Bohanon,Camden,5210,0,FALSE
2009,5,387301.2177,2924,4,2,1,1952,Keewaydin,Nokomis,6088,2,TRUE
2015,9,246156.1445,1593,2,2,1.7,1926,Page,Nokomis,4960,1,TRUE
2010,1,247761.7892,2189,2,2,1.7,1920,Cooper,Longfellow,5040,2,TRUE
2009,2,280605.7968,2132,3,1,1.7,1900,Seward,Longfellow,5166,0,FALSE
2014,5,119978.6255,2028,4,2,1,1985,Central,Powderhorn,5418,0,FALSE
2006,4,375778.1588,2288,4,2,1.5,1923,Tangletown,Southwest,5412,1,TRUE
2007,3,202202.0966,1564,1,1,1.5,1913,Standish,Powderhorn,5080,0,FALSE
2014,7,245341.9566,2124,3,2,1.2,1914,Bancroft,Powderhorn,4379,2,TRUE
2013,8,266983.7228,1656,3,1,1.2,1942,Kenny,Southwest,6376,0,FALSE
2012,12,236726.0552,1984,2,1,1.2,1947,Wenonah,Nokomis,4997,1,TRUE
2006,3,167837.356,2356,3,1,1.7,1900,Whittier,Powderhorn,3396,0,FALSE
2015,6,504458.7788,2256,4,2,1,1950,Linden Hills,Southwest,11890,0,FALSE
2005,8,328689.4442,2186,5,2,1,1994,Webber - Camden,Camden,8691,0,FALSE
2015,3,652273.6549,5237,7,4,2.2,1916,Prospect Park - East River Road,University,15408,2,TRUE
2007,8,330866.7049,2468,3,2,1.5,1925,Windom Park,Northeast,6300,0,FALSE
2014,3,207545.5454,1698,2,2,1.5,1911,Hiawatha,Longfellow,5120,0,FALSE
2012,6,141026.7631,1686,3,1,1.2,1950,Wenonah,Nokomis,6400,0,FALSE
2006,7,130881.5771,1732,3,2,1.2,1954,Folwell,Camden,5035,0,FALSE
2015,4,193731.9979,1876,3,1,2,1912,Central,Powderhorn,5280,0,FALSE
2008,4,1179804.321,4512,4,4,2,1999,Linden Hills,Southwest,8512,1,TRUE
2009,3,219610.5508,2826,4,2,2.2,1910,Northeast Park,Northeast,5125,0,FALSE
2008,11,167283.8721,1978,2,1,1,1954,Victory,Camden,6410,0,FALSE
2005,6,210172.4812,1650,2,1,1.5,1918,Lind - Bohanon,Camden,5139,0,FALSE
2015,12,227720.442,1568,2,2,1.5,1910,Bottineau,Northeast,3440,0,FALSE
2013,12,112589.7776,1188,1,1,1,1910,Corcoran,Powderhorn,5004,0,FALSE
2007,10,294441.1951,2296,3,2,1,1953,Diamond Lake,Nokomis,6111,2,TRUE
2005,7,234012.6506,1348,3,1,1.5,1913,Holland,Northeast,3589,0,FALSE
2006,12,114249.9261,1954,3,1,1.2,1915,McKinley,Camden,5819,0,FALSE
2012,12,180638.8174,1814,3,1,1.5,1924,Willard - Hay,Near North,5132,0,FALSE
2010,10,244834.8072,1782,3,3,1.5,1906,Lyndale,Powderhorn,5424,0,FALSE
2010,8,783801.618,4068,4,5,2.5,1900,Lowry Hill,Calhoun-Isles,6750,2,TRUE
2012,7,146625.4867,2193,3,2,2,1982,Near - North,Near North,6558,0,FALSE
2013,6,188561.079,1682,3,1,1.2,1952,Hiawatha,Longfellow,3968,0,FALSE
2006,7,215891.0675,1428,2,2,1,1924,Victory,Camden,5116,0,FALSE
2007,12,259110.407,1780,3,1,1.5,1908,Keewaydin,Nokomis,7560,0,FALSE
2005,5,219603.1901,1498,4,2,1.7,1905,Central,Powderhorn,4920,0,FALSE
2005,1,191080.4175,1300,2,1,1.5,1917,Webber - Camden,Camden,5013,0,FALSE
2014,8,412587.8885,2588,4,2,1.5,1931,Hale,Nokomis,5146,1,TRUE
2011,10,159185.7111,1956,4,1,1.5,1918,Standish,Powderhorn,4884,0,FALSE
2014,2,239712.0575,2584,5,2,1.5,1924,Field,Nokomis,5117,1,TRUE
2010,3,290618.855,1936,3,2,2.2,1900,King Field,Southwest,4370,0,FALSE
2006,9,404915.8974,2160,3,2,1.2,1927,Howe,Longfellow,5248,1,TRUE
2012,4,120369.6894,1432,2,1,1,1918,Morris Park,Nokomis,6650,1,TRUE
2009,9,363097.0671,2780,4,3,2,1924,Minnehaha,Nokomis,8000,1,TRUE
2012,7,275204.7596,2256,3,2,1.2,1951,Kenny,Southwest,6350,2,TRUE
2009,11,201123.4661,2583,4,4,2,2000,Powderhorn Park,Powderhorn,5589,0,FALSE
2007,6,709148.4988,3326,3,3,2,1955,Fulton,Southwest,10740,2,TRUE
2005,12,218649.3286,2170,4,2,1.2,1920,Lind - Bohanon,Camden,5210,0,FALSE
2009,11,261106.8249,2520,3,2,1.2,1918,Bancroft,Powderhorn,4867,1,TRUE
2015,4,178451.7276,1440,2,1,1.2,1923,Minnehaha,Nokomis,5120,0,FALSE
2015,8,379100.3768,1840,4,2,1.7,1906,CARAG,Calhoun-Isles,5455,0,FALSE
2010,10,135365.3982,2528,3,2,1.5,1929,Victory,Camden,5946,1,TRUE
2014,10,257357.0652,2286,3,1,1.2,1938,Standish,Powderhorn,6300,0,FALSE
2013,3,392926.2534,2206,4,2,2,1925,Tangletown,Southwest,6400,1,TRUE
2015,9,485255.9937,1817,3,3,1.5,1914,Tangletown,Southwest,11190,1,TRUE
2015,7,180775.9631,1440,3,2,1,1950,Morris Park,Nokomis,5120,0,FALSE
2011,4,287630.5819,1763,3,2,1.2,1949,Hale,Nokomis,5080,1,TRUE
2015,6,183340.9325,2000,3,1,1,1980,Willard - Hay,Near North,5160,0,FALSE
2011,4,195473.7435,1920,5,2,1,1974,St. Anthony East,Northeast,5160,0,FALSE
2013,9,291115.1166,2728,4,3,1.5,1950,Regina,Nokomis,4640,0,FALSE
2012,4,151868.2997,2516,3,1,1.2,1939,Waite Park,Northeast,5000,0,FALSE
2012,1,131263.4465,2624,4,1,1.5,1926,Willard - Hay,Near North,5800,0,FALSE
2014,5,225265.9908,2880,5,2,2,1906,Central,Powderhorn,5818,0,FALSE
2014,7,106387.2201,1908,3,1,1.5,1910,Cooper,Longfellow,5120,0,FALSE
2005,2,377891.7256,3072,5,4,2,1923,Como,University,5670,2,TRUE
2009,6,231668.29,2275,3,2,2.5,1905,Central,Powderhorn,5818,0,FALSE
2006,12,330690.064,2169,3,3,1.2,1948,Northrop,Nokomis,5043,1,TRUE
2013,6,224054.9291,1890,4,2,1.5,1922,Seward,Longfellow,6273,0,FALSE
2006,9,272698.4615,1740,3,2,1.2,1915,Standish,Powderhorn,5080,0,FALSE
2014,11,257733.7007,2233,4,3,1.2,1941,Waite Park,Northeast,5040,1,TRUE
2015,8,406178.9752,2156,3,2,1.2,1947,Kenny,Southwest,6350,1,TRUE
2014,10,314800.8996,2328,4,2,1,1958,Armatage,Southwest,5715,0,FALSE
2015,7,413759.2445,2312,2,2,1,1947,Armatage,Southwest,8024,1,TRUE
2015,4,556638.4164,3080,5,3,2.2,1914,King Field,Southwest,6261,1,TRUE
2015,6,449348.0133,3570,3,2,1,1989,Hiawatha,Longfellow,10579,1,TRUE
2015,4,791299.7096,4076,6,3,2.5,1900,Lowry Hill,Calhoun-Isles,5748,2,TRUE
2015,8,262120.832,2048,3,2,1.7,1920,Minnehaha,Nokomis,5080,0,FALSE
2014,2,366573.3701,2286,3,2,1,1924,Fulton,Southwest,5418,1,TRUE
2012,11,111491.9416,1672,3,1,1.7,1900,Sheridan,Northeast,4250,0,FALSE
2007,6,261265.2364,1384,1,1,1,1941,Fulton,Southwest,5080,0,FALSE
2006,1,310475.4641,2052,3,3,2,1926,Willard - Hay,Near North,5888,1,TRUE
2006,2,245669.8094,1531,3,1,1.7,1913,Standish,Powderhorn,5000,0,FALSE
2007,6,273706.4381,2461,3,3,1.5,1905,Minnehaha,Nokomis,13056,0,FALSE
2007,11,171202.7472,2373,4,1,1.2,1921,Hiawatha,Longfellow,4329,1,TRUE
2015,5,337236.7205,2366,4,1,1.2,1918,Cooper,Longfellow,5160,0,FALSE
2008,9,353382.0365,2727,4,3,1.2,1924,Audubon Park,Northeast,5000,0,FALSE
2014,10,170485.482,1220,2,1,1.7,1900,Bottineau,Northeast,4096,0,FALSE
2011,11,170128.0439,2160,3,2,1.5,1900,Lyndale,Powderhorn,5289,0,FALSE
2013,5,233482.8563,1610,3,1,2,1952,Bancroft,Powderhorn,5090,0,FALSE
2014,1,115056.9515,1288,2,1,1,1928,Victory,Camden,5066,0,FALSE
2009,8,239221.2286,1720,3,1,1.2,1946,Waite Park,Northeast,5005,0,FALSE
2012,5,231092.7669,2433,2,1,1.2,1922,Audubon Park,Northeast,5000,1,TRUE
2015,6,303651.6391,2328,4,2,2.2,1937,Hiawatha,Longfellow,5776,1,TRUE
2015,9,444003.8063,2896,3,3,1.5,1940,Diamond Lake,Nokomis,6900,1,TRUE
2013,11,267625.9376,2220,3,2,1,1955,Armatage,Southwest,6350,2,TRUE
2007,5,324095.9474,1990,4,2,2,1924,Cooper,Longfellow,6750,0,FALSE
2007,8,453157.0254,2421,3,3,2,1921,Lynnhurst,Southwest,5400,1,TRUE
2012,6,340156.5525,2634,3,3,1.2,1932,Hale,Nokomis,4909,1,TRUE
2007,9,438881.9786,2339,3,2,2,1923,Bryn - Mawr,Calhoun-Isles,5120,1,TRUE
2007,6,273706.4381,1680,2,1,1,1977,Bryn - Mawr,Calhoun-Isles,5400,0,FALSE
2007,8,144017.0273,722,1,1,1,1950,Lind - Bohanon,Camden,5482,0,FALSE
2006,6,202017.4969,1440,2,1,1,1948,Hiawatha,Longfellow,5040,0,FALSE
2012,7,151046.809,1388,2,1,1.2,1928,Morris Park,Nokomis,5120,0,FALSE
2013,8,132525.5294,1760,2,2,1.5,1902,Webber - Camden,Camden,6400,0,FALSE
2007,9,333797.5612,1773,4,2,1.2,1945,Hale,Nokomis,7301,0,FALSE
2013,6,521315.9242,2840,3,3,2,1937,Lynnhurst,Southwest,10580,2,TRUE
2015,8,2328759.458,6053,6,6,2.2,2010,Kenwood,Calhoun-Isles,7992,2,TRUE
2005,4,193001.9618,2250,3,1,1.2,1936,Jordan,Near North,5880,1,TRUE
2014,9,194336.6979,2060,5,2,1.2,1926,Victory,Camden,6407,0,FALSE
2014,8,325727.2804,2740,4,1,1.7,1910,Linden Hills,Southwest,3612,0,FALSE
2005,7,521203.9815,2491,4,2,1.2,1927,Howe,Longfellow,5376,1,TRUE
2011,3,502826.5022,2181,3,2,1.2,1948,Armatage,Southwest,6350,1,TRUE
2007,11,657296.2615,2151,3,2,1.7,1900,ECCO,Calhoun-Isles,5331,1,TRUE
2009,10,240546.3422,2621,3,3,1.2,1913,Bancroft,Powderhorn,5680,0,FALSE
2014,10,290476.8563,2440,3,1,1,1957,Seward,Longfellow,5000,0,FALSE
2015,11,216535.0273,1482,2,1,1.2,1946,Wenonah,Nokomis,4960,0,FALSE
2008,6,256563.7078,1747,2,1,1.5,1922,Windom Park,Northeast,5080,0,FALSE
2009,9,106809.0632,1806,3,1,2,1916,Folwell,Camden,5052,0,FALSE
2009,7,339801.3841,1791,3,2,1.2,1945,Hale,Nokomis,4928,0,FALSE
2013,7,226938.2568,1812,3,2,1.2,1946,Wenonah,Nokomis,5120,0,FALSE
2015,9,145468.2397,2455,3,2,1.5,1915,McKinley,Camden,5819,0,FALSE
2014,7,778363.641,2881,3,2,1.7,1903,Fulton,Southwest,9490,1,TRUE
2005,10,239565.2436,1764,3,1,2,1910,Willard - Hay,Near North,4800,0,FALSE
2005,9,354054.0845,2072,3,2,1.2,1950,Ericsson,Nokomis,5080,0,FALSE
2009,8,295586.0104,2152,3,1,1.2,1939,Windom Park,Northeast,6615,1,TRUE
2005,3,300416.3646,2185,3,2,1.7,1914,Hiawatha,Longfellow,5040,0,FALSE
2005,6,319318.4182,2278,3,2,1.2,1920,Northrop,Nokomis,5250,0,FALSE
2015,5,243680.7271,2045,4,2,1.2,1917,Corcoran,Powderhorn,7182,0,FALSE
2010,5,162556.4361,2304,4,1,1.2,1925,Victory,Camden,5066,1,TRUE
2006,1,131305.2484,1415,2,1,1.5,1913,Audubon Park,Northeast,4680,0,FALSE
2014,2,186077.8528,2038,4,2,1.7,1912,Northeast Park,Northeast,6250,0,FALSE
2007,5,520623.5399,2800,4,1,2,1923,Fulton,Southwest,5120,1,TRUE
2005,5,308629.7107,2212,4,2,1.7,1900,Seward,Longfellow,8210,0,FALSE
2006,5,292661.6195,1908,4,2,1.2,1918,Como,University,5240,0,FALSE
2012,12,214090.4503,2826,3,3,2,2005,Lind - Bohanon,Camden,5376,1,TRUE
2010,9,341363.5826,2436,3,2,1.2,1928,Cooper,Longfellow,6450,0,FALSE
2015,5,221162.017,1868,2,1,1.7,1929,Cleveland,Camden,5047,1,TRUE
2005,11,154876.6078,1544,2,1,1,1922,Cleveland,Camden,5108,0,FALSE
2013,3,332988.3504,2228,3,1,1.7,1917,East Harriet,Southwest,5628,0,FALSE
2013,10,179298.0669,1876,3,1,1.5,1917,Standish,Powderhorn,5040,0,FALSE
2015,9,155238.4946,1377,2,2,1.5,1911,Lind - Bohanon,Camden,5072,0,FALSE
2005,8,283027.9066,1587,2,1,1.5,1922,Windom Park,Northeast,5160,0,FALSE
2015,12,279770.8287,3071,3,2,1.2,1952,Cooper,Longfellow,5160,2,TRUE
2012,3,287338.7615,2026,4,2,2.2,1907,King Field,Southwest,4840,1,TRUE
2010,3,355859.8225,2392,3,2,1.2,1940,Windom,Southwest,6400,1,TRUE
2007,6,515687.8118,2548,3,2,2,1923,Fulton,Southwest,5080,1,TRUE
2005,9,192589.8592,2206,3,1,1.7,1906,Jordan,Near North,5000,0,FALSE
2014,11,146328.3358,1934,2,1,1.5,1914,Powderhorn Park,Powderhorn,5086,0,FALSE
2015,1,395390.1008,2105,4,2,1.2,1946,Kenny,Southwest,5600,1,TRUE
2010,12,245577.8512,1704,4,2,1,1989,Sheridan,Northeast,6336,0,FALSE
2005,8,184066.0887,1400,3,1,1.5,1900,Hawthorne,Near North,5040,0,FALSE
2013,5,366901.6314,2126,4,3,1.2,1947,Armatage,Southwest,6405,1,TRUE
2005,4,299485.8028,2296,3,1,2,1927,Keewaydin,Nokomis,3904,1,TRUE
2015,9,421206.5449,1966,3,2,2,1926,Lynnhurst,Southwest,5120,1,TRUE
2015,10,336089.8891,2392,3,2,2,1921,Cooper,Longfellow,6172,1,TRUE
2015,3,105871.553,1949,4,1,2,1907,Jordan,Near North,7500,0,FALSE
2013,10,764637.2946,2976,3,2,2.2,1920,Fulton,Southwest,8340,1,TRUE
2005,3,226981.2532,1646,3,1,1.5,1917,Webber - Camden,Camden,7578,0,FALSE
2008,12,286609.3341,2786,5,3,2,1949,Armatage,Southwest,5120,0,FALSE
2010,3,290618.855,2988,3,3,2,1928,Willard - Hay,Near North,6600,1,TRUE
2007,10,123617.2349,1430,2,1,1.5,1911,Jordan,Near North,5132,0,FALSE
2005,6,399314.4037,2324,4,2,1.2,1927,Fulton,Southwest,5418,1,TRUE
2015,7,349962.3348,1998,3,2,1.2,1920,Windom,Southwest,6834,1,TRUE
2006,4,269771.0015,1866,3,1,1.2,1922,Folwell,Camden,4992,0,FALSE
2011,8,199548.8842,2680,5,4,1.5,1914,Powderhorn Park,Powderhorn,4906,0,FALSE
2012,2,198735.2636,2544,3,3,2.2,1903,CARAG,Calhoun-Isles,5376,0,FALSE
2010,4,227579.314,1892,4,1,2,1900,Logan Park,Northeast,5174,0,FALSE
2011,6,286603.6387,2400,3,2,1.5,1927,Minnehaha,Nokomis,5400,0,FALSE
2012,4,189554.137,1905,3,1,1.7,1916,Regina,Nokomis,4840,0,FALSE
2010,2,204093.906,2228,2,1,1.2,1917,Northrop,Nokomis,4845,0,FALSE
2007,7,397410.8274,3477,3,2,2.2,1905,Windom Park,Northeast,5074,0,FALSE
2012,5,966249.5862,4556,6,5,2,2011,Linden Hills,Southwest,9810,1,TRUE
2006,9,622947.5345,2899,3,2,1.5,1926,Page,Nokomis,6000,1,TRUE
2006,1,239971.6608,2048,3,1,1.2,1952,Lind - Bohanon,Camden,6500,0,FALSE
2005,4,286175.3227,2128,3,2,1.2,1950,Kenny,Southwest,4826,0,FALSE
2010,9,295297.2168,2664,3,3,2,1925,Ericsson,Nokomis,5040,1,TRUE
2008,9,270808.434,2264,4,2,1,1956,Armatage,Southwest,5904,2,TRUE
2009,6,230467.9361,2353,3,2,1.2,1952,Diamond Lake,Nokomis,5280,0,FALSE
2007,3,185247.2624,904,2,1,1.2,1907,Hiawatha,Longfellow,5120,0,FALSE
2013,5,1056231.969,4070,5,4,1.5,1965,Lynnhurst,Southwest,13500,3,TRUE
2011,11,113380.8645,1849,2,2,1.5,1918,Northrop,Nokomis,5420,0,FALSE
2008,9,189353.8746,1776,1,2,1.2,1923,Northrop,Nokomis,5449,1,TRUE
2011,5,448112.0717,2516,4,2,2,1927,Windom,Southwest,10824,1,TRUE
2006,10,177501.4165,1756,2,2,1.5,1921,Jordan,Near North,5250,0,FALSE
2013,7,204797.939,2484,4,2,1.5,1911,Como,University,5240,0,FALSE
2014,6,288546.91,3036,5,2,1.7,1900,Windom Park,Northeast,4996,0,FALSE
2006,4,1233238.864,4432,4,3,2,1935,Linden Hills,Southwest,9525,2,TRUE
2005,1,457516.4927,2872,4,2,1.7,1928,Hiawatha,Longfellow,6500,1,TRUE
2005,7,295657.5885,1638,2,1,1.5,1914,Cooper,Longfellow,5160,0,FALSE
2009,8,256387.9546,1740,2,1,1.7,1916,Bancroft,Powderhorn,4994,1,TRUE
2006,11,214427.8812,1728,3,1,1.2,1951,McKinley,Camden,5814,0,FALSE
2015,6,265790.1093,2172,2,2,1.2,1913,Corcoran,Powderhorn,8772,1,TRUE
2008,8,265263.1579,1743,3,1,1.2,1950,Windom Park,Northeast,9025,0,FALSE
2006,11,291009.2673,1514,3,1,1.5,1911,Central,Powderhorn,3861,0,FALSE
2007,10,714719.3346,2872,5,4,1.5,1928,Linden Hills,Southwest,5376,0,FALSE
2013,6,152967.4024,1946,4,2,1,1954,Marshall Terrace,Northeast,7385,0,FALSE
2007,7,184423.4621,2188,3,1,1.2,1928,Jordan,Near North,5108,0,FALSE
2012,6,195181.0401,1608,2,2,1,1950,Windom,Southwest,6250,0,FALSE
2007,12,221920.4427,2304,3,2,2,2007,Jordan,Near North,6279,0,FALSE
2015,7,365992.7977,2192,3,2,1.2,1923,Ericsson,Nokomis,5040,1,TRUE
2005,12,318733.4558,2438,3,2,1,1955,Northrop,Nokomis,8016,2,TRUE
2014,1,210389.8541,1767,3,1,1.5,1915,Howe,Longfellow,5376,0,FALSE
2010,1,285340.9696,2362,4,2,1.5,1932,Windom,Southwest,5670,1,TRUE
2006,2,283166.7803,2334,3,1,1.5,1925,Bryant,Powderhorn,5031,1,TRUE
2006,12,272930.3791,1678,3,2,1.2,1914,Hiawatha,Longfellow,8132,0,FALSE
2010,6,1958616.752,5587,5,5,2,1930,Kenwood,Calhoun-Isles,9350,2,TRUE
2009,10,589338.5384,3339,3,2,1.7,1900,Field,Nokomis,6730,1,TRUE
2006,6,622201.6254,2566,3,2,2,1933,Lynnhurst,Southwest,6300,1,TRUE
2007,3,154351.7868,2149,4,1,1.2,1919,Willard - Hay,Near North,5160,0,FALSE
2006,10,389353.8266,1603,3,2,1.7,1908,Whittier,Powderhorn,5142,0,FALSE
2005,9,286764.3549,1392,3,2,1,1925,Regina,Nokomis,4840,0,FALSE
2015,6,270129.5396,2456,4,4,2.5,2001,St. Anthony West,Northeast,5169,0,FALSE
2009,8,137621.017,1964,3,2,1,1958,Shingle Creek,Camden,4996,0,FALSE
2010,5,225324.5782,2031,4,1,1.2,1925,Howe,Longfellow,5600,0,FALSE
2015,7,154888.9318,1545,3,1,1.2,1942,Diamond Lake,Nokomis,6080,0,FALSE
2006,4,924929.148,3816,4,4,2,1958,Cedar - Isles - Dean,Calhoun-Isles,11935,2,TRUE
2006,9,247907.6923,2144,3,2,1.2,1956,Webber - Camden,Camden,5071,0,FALSE
2012,8,156992.319,1940,2,1,1,1955,Windom Park,Northeast,4960,2,TRUE
2012,8,402573.1609,2538,4,3,1.5,1927,Tangletown,Southwest,6400,1,TRUE
2007,8,204851.806,1564,2,1,1,1949,Morris Park,Nokomis,5376,0,FALSE
2015,1,343220.5736,1848,3,2,2,1947,Kenny,Southwest,6350,1,TRUE
2006,11,208684.2772,2028,2,2,1,1954,Standish,Powderhorn,5300,2,TRUE
2005,10,874089.4023,3896,4,4,2,1921,Lynnhurst,Southwest,8400,1,TRUE
2014,1,432833.2937,2529,3,3,2,1932,Howe,Longfellow,7170,3,TRUE
2009,10,233401.4013,2080,2,1,1.2,1925,Longfellow,Longfellow,5120,0,FALSE
2009,6,146443.1677,2604,4,2,1.5,1925,Willard - Hay,Near North,4875,1,TRUE
2013,7,365315.2426,2328,3,2,1.2,1942,Kenny,Southwest,6750,1,TRUE
2013,12,184537.3915,1344,3,1,2,1893,Lyndale,Powderhorn,2728,0,FALSE
2015,7,325483.3847,2373,3,2,1.2,1925,Howe,Longfellow,5120,2,TRUE
2014,3,158390.0215,1536,3,1,1.5,1916,Marshall Terrace,Northeast,4760,1,TRUE
2015,8,227460.2261,1934,2,2,1.2,1923,Wenonah,Nokomis,6407,0,FALSE
2013,7,185425.161,2571,3,1,1.5,1912,Webber - Camden,Camden,6400,0,FALSE
2010,10,329585.3174,2426,3,2,1.2,1932,Keewaydin,Nokomis,5040,1,TRUE
2005,12,227759.7173,2496,4,1,1,1953,Jordan,Near North,7449,2,TRUE
2013,9,210856.9863,2180,3,2,1.5,1930,Windom,Southwest,6738,0,FALSE
2008,3,172729.8077,1536,2,2,1,1922,Longfellow,Longfellow,5040,0,FALSE
2007,3,376648.5016,4344,5,4,2,2007,Linden Hills,Southwest,6400,1,TRUE
2010,6,206663.7434,1604,3,1,1.7,1912,Northrop,Nokomis,4082,0,FALSE
2006,1,517459.1069,4531,5,4,2,2006,Lynnhurst,Southwest,7740,1,TRUE
2015,6,251144.5318,1788,3,2,1.5,1910,Northrop,Nokomis,4082,0,FALSE
2014,8,335824.8261,2415,3,2,1.5,1937,Page,Nokomis,4760,1,TRUE
2009,12,212335.5556,2534,6,2,2.5,1906,Central,Powderhorn,5761,0,FALSE
2012,12,390269.05,3526,3,4,2,1987,St. Anthony East,Northeast,8029,1,TRUE
2005,3,232321.9886,1492,2,1,1,1920,Minnehaha,Nokomis,5400,0,FALSE
2005,6,445901.0842,1728,2,2,1.2,1928,Fulton,Southwest,5080,1,TRUE
2015,5,203429.8927,1612,3,2,1,1922,Howe,Longfellow,6477,0,FALSE
2014,5,263354.4433,1922,3,1,1.2,1952,Kenny,Southwest,5080,0,FALSE
2013,7,213543.3645,1913,3,1,1.7,1913,Holland,Northeast,5675,0,FALSE
2013,8,154613.1177,1135,1,1,1,1917,Howe,Longfellow,5376,0,FALSE
2014,9,179245.7476,1914,4,1,1.5,1900,Windom Park,Northeast,3526,0,FALSE
2005,8,212859.284,2370,4,1,1.2,1927,Folwell,Camden,5580,0,FALSE
2007,6,307919.7429,2573,3,2,1.7,1908,Cooper,Longfellow,6750,0,FALSE
2011,7,121822.8266,1848,3,1,2.2,1909,Cleveland,Camden,5363,0,FALSE
2005,1,361976.2839,2591,2,2,1.2,1922,Linden Hills,Southwest,5628,1,TRUE
