species1,species2,divergence_time,parasites1,parasites2,citsum,citdiff,GRoverlap,distance,BMdiff,Groupdiff,Terrdiff,Tempdiff,precdiff,parsim,parsim_1,parsim_2
Alouatta_caraya,Alouatta_guariba,4.569,17,12,31,5,67549.4,932.2,388.63,1.5,0,2203776,57.512,171.032,0.318,0.444
Alouatta_caraya,Alouatta_palliata,3.888,17,19,75,39,0.0,3455.9,1000.03,4.2,0,2714832,54.883,346.903,0.226,0.314
Alouatta_caraya,Alouatta_seniculus,2.886,17,26,30,6,0.0,1908.1,821.35,1,0,786326,9.534,1061.887,0.250,0.341
Alouatta_caraya,Aotus_trivirgatus,21.321,17,13,64,28,0.0,1496.8,4664.56,5.75,0,2482312,27.586,961.953,0.154,0.371
Alouatta_caraya,Ateles_geoffroyi,14.760,17,12,30,6,0.0,3785.2,2005.44,33.1,0,2438583,54.884,1.406,0.240,0.345
Alouatta_caraya,Ateles_paniscus,14.760,17,15,25,11,0.0,1421.6,3120.29,11.1,0,2172505,16.694,718.632,0.214,0.333
Alouatta_caraya,Callithrix_jacchus,21.321,17,19,391,355,132282.6,1739.3,5286.75,0.35,0,2357770,3.370,445.333,0.125,0.282
Alouatta_caraya,Cebus_apella,21.321,17,15,293,257,289294.0,1054.6,2818.58,1,1,225049,11.398,585.730,0.290,0.389
Alouatta_caraya,Cebus_capucinus,21.321,17,19,37,1,0.0,3109.3,2570.97,9.25,1,2846067,52.879,584.901,0.176,0.263
Alouatta_caraya,Cercocebus_galeritus,46.812,17,15,27,9,0.0,10701.8,1500.7,11.45,2,3397270,2.836,812.266,0.000,0.179
Alouatta_caraya,Cercopithecus_ascanius,46.812,17,17,28,8,0.0,8933.1,2036.72,17.4,1,423201,0.053,91.582,0.063,0.250
Alouatta_caraya,Cercopithecus_mitis,46.812,17,25,28,8,0.0,9351.3,535.67,7.1,1,69322,24.428,363.917,0.048,0.216
Alouatta_caraya,Chlorocebus_aethiops,46.812,17,38,58,22,0.0,10641.0,1880.97,8.4,2,2051555,6.938,673.602,0.038,0.164
Alouatta_caraya,Colobus_guereza,46.812,17,11,39,3,0.0,9353.8,4348.92,1.3,0,150703,0.070,107.486,0.034,0.263
Alouatta_caraya,Erythrocebus_patas,46.812,17,10,39,3,0.0,7678.2,2389.34,19.1,2,4329864,27.058,567.326,0.038,0.286
Alouatta_caraya,Eulemur_fulvus,73.003,17,15,54,18,0.0,11429.4,3199.97,0.25,1,3263727,49.452,14.677,0.000,0.086
Alouatta_caraya,Gorilla_gorilla,46.812,17,65,201,165,0.0,7852.7,107012.03,2.9,2,2556904,7.212,224.920,0.025,0.124
Alouatta_caraya,Lophocebus_albigena,46.812,17,14,18,18,0.0,8636.0,1841.75,7.1,0,1656807,2.980,235.941,0.100,0.289
Alouatta_caraya,Macaca_fascicularis,46.812,17,27,803,767,0.0,17874.3,1007.64,18.1,2,571947,60.492,254.959,0.000,0.102
Alouatta_caraya,Macaca_fuscata,46.812,17,15,103,67,0.0,15943.4,4537.8,31.75,2,3149258,151.928,177.178,0.000,0.000
Alouatta_caraya,Macaca_nemestrina,46.812,17,10,233,197,0.0,17764.8,2243.82,13.7,2,2009816,45.501,650.202,0.000,0.069
Alouatta_caraya,Macaca_sinica,46.812,17,14,25,11,0.0,15163.2,920.97,11.2,2,3341001,68.869,235.802,0.000,0.139
Alouatta_caraya,Mandrillus_sphinx,46.812,17,14,76,40,0.0,7596.9,11108.1,5,2,2995169,22.794,208.449,0.000,0.244
Alouatta_caraya,Pan_troglodytes,46.812,17,52,370,334,0.0,7307.5,39423.04,41.1,2,195165,1.591,185.325,0.029,0.141
Alouatta_caraya,Papio_anubis,46.812,17,37,158,122,0.0,8240.8,12151.6,31.1,2,5078744,18.011,461.842,0.037,0.161
Alouatta_caraya,Papio_cynocephalus,46.812,17,40,229,193,0.0,9431.0,10245.19,39.3,2,1175837,14.790,382.946,0.018,0.154
Alouatta_caraya,Papio_hamadryas,46.812,17,18,117,81,0.0,11157.1,8430.12,28,2,2608733,24.514,1021.067,0.029,0.195
Alouatta_caraya,Papio_ursinus,46.812,17,45,152,116,0.0,8766.4,12152.48,38.1,2,193098,51.929,915.439,0.032,0.091
Alouatta_caraya,Piliocolobus_badius,46.812,17,21,25,11,0.0,5688.8,2853.44,25.1,0,2854952,17.718,162.514,0.056,0.209
Alouatta_caraya,Pongo_pygmaeus,46.812,17,22,98,62,0.0,18319.9,47831.33,7.9,0,3010881,3.195,1140.751,0.000,0.025
Alouatta_caraya,Saguinus_midas,21.321,17,13,23,13,0.0,1378.5,5036.4,3.35,0,2434805,14.758,720.417,0.214,0.333
Alouatta_caraya,Saimiri_oerstedii,21.321,17,12,19,17,0.0,3302.3,4862.78,16.2,1,3380776,63.009,958.707,0.208,0.296
Alouatta_caraya,Saimiri_sciureus,21.321,17,33,277,241,63868.7,1203.6,4827.49,25.95,1,1466463,14.832,875.405,0.174,0.283
Alouatta_caraya,Trachypithecus_cristatus,46.812,17,16,21,15,0.0,17805.5,1599.85,18.5,1,2144879,46.573,662.220,0.000,0.057
Alouatta_guariba,Alouatta_palliata,4.569,12,19,70,44,0.0,4382.4,1388.66,5.7,0,511056,2.629,517.935,0.320,0.292
Alouatta_guariba,Alouatta_seniculus,4.569,12,26,25,1,0.0,2823.0,1209.98,0.5,0,1417451,67.046,1232.919,0.448,0.429
Alouatta_guariba,Aotus_trivirgatus,21.321,12,13,59,33,0.0,2290.9,4275.93,4.25,0,278535,85.098,1132.985,0.261,0.261
Alouatta_guariba,Ateles_geoffroyi,14.760,12,12,25,1,0.0,4706.5,2394.07,34.6,0,234807,2.627,172.438,0.238,0.238
Alouatta_guariba,Ateles_paniscus,14.760,12,15,20,6,0.0,2021.9,3508.92,12.6,0,31271,74.206,889.664,0.240,0.240
Alouatta_guariba,Callithrix_jacchus,21.321,12,19,386,360,0.0,1284.4,4898.12,1.15,0,153994,54.142,274.301,0.069,0.182
Alouatta_guariba,Cebus_apella,21.321,12,15,288,262,0.0,1746.8,2429.95,0.5,1,2428826,68.910,756.762,0.269,0.269
Alouatta_guariba,Cebus_capucinus,21.321,12,19,32,6,0.0,4040.6,2182.34,10.75,1,642291,4.633,755.934,0.167,0.167
Alouatta_guariba,Cercocebus_galeritus,46.812,12,15,22,4,0.0,9855.9,1889.33,12.95,2,1193493,54.676,641.233,0.036,0.156
Alouatta_guariba,Cercopithecus_ascanius,46.812,12,17,23,3,0.0,8115.8,1648.09,18.9,1,1780575,57.565,262.614,0.069,0.156
Alouatta_guariba,Cercopithecus_mitis,46.812,12,25,23,3,0.0,8471.1,147.04,8.6,1,2134455,33.084,192.885,0.051,0.119
Alouatta_guariba,Chlorocebus_aethiops,46.812,12,38,53,27,0.0,9886.8,1492.34,9.9,2,152222,64.450,502.570,0.042,0.115
Alouatta_guariba,Colobus_guereza,46.812,12,11,34,8,0.0,8582.8,4737.55,0.2,0,2354480,57.442,63.546,0.080,0.179
Alouatta_guariba,Erythrocebus_patas,46.812,12,10,34,8,0.0,6982.4,2777.97,20.6,2,6533641,84.570,396.293,0.048,0.200
Alouatta_guariba,Eulemur_fulvus,73.003,12,15,49,23,0.0,10522.1,2811.34,1.75,1,1059951,8.060,156.355,0.000,0.069
Alouatta_guariba,Gorilla_gorilla,46.812,12,65,196,170,0.0,7070.9,107400.66,1.4,2,353127,50.300,395.952,0.013,0.061
Alouatta_guariba,Lophocebus_albigena,46.812,12,14,13,13,0.0,7835.8,2230.38,8.6,0,546969,54.532,406.973,0.071,0.161
Alouatta_guariba,Macaca_fascicularis,46.812,12,27,798,772,0.0,16962.8,619.01,19.6,2,1631830,2.980,425.991,0.000,0.071
Alouatta_guariba,Macaca_fuscata,46.812,12,15,98,72,0.0,15574.7,4926.43,33.25,2,945481,94.417,6.146,0.000,0.000
Alouatta_guariba,Macaca_nemestrina,46.812,12,10,228,202,0.0,16838.8,2632.45,15.2,2,193960,12.011,821.234,0.000,0.043
Alouatta_guariba,Macaca_sinica,46.812,12,14,20,6,0.0,14268.3,532.34,12.7,2,1137224,11.357,64.770,0.037,0.133
Alouatta_guariba,Mandrillus_sphinx,46.812,12,14,71,45,0.0,6816.2,11496.73,6.5,2,791392,34.718,379.482,0.037,0.161
Alouatta_guariba,Pan_troglodytes,46.812,12,52,365,339,0.0,6561.0,39811.67,42.6,2,2008611,59.103,356.357,0.030,0.072
Alouatta_guariba,Papio_anubis,46.812,12,37,153,127,0.0,7526.0,12540.23,32.6,2,7282521,75.523,290.810,0.039,0.093
Alouatta_guariba,Papio_cynocephalus,46.812,12,40,224,198,0.0,8575.1,10633.82,40.8,2,3379613,42.722,211.914,0.038,0.091
Alouatta_guariba,Papio_hamadryas,46.812,12,18,112,86,0.0,10383.3,8818.75,29.5,2,404957,32.998,850.035,0.000,0.143
Alouatta_guariba,Papio_ursinus,46.812,12,45,147,121,0.0,7841.8,12541.11,39.6,2,2396874,5.583,744.407,0.034,0.066
Alouatta_guariba,Piliocolobus_badius,46.812,12,21,20,6,0.0,5111.2,3242.07,26.6,0,651175,39.794,333.546,0.031,0.114
Alouatta_guariba,Pongo_pygmaeus,46.812,12,22,93,67,0.0,17436.2,48219.96,6.4,0,807104,54.317,1311.784,0.000,0.029
Alouatta_guariba,Saguinus_midas,21.321,12,13,18,8,0.0,1958.0,4647.77,1.85,0,231029,72.270,891.449,0.240,0.240
Alouatta_guariba,Saimiri_oerstedii,21.321,12,12,14,12,0.0,4231.8,4474.15,17.7,1,1177000,5.498,1129.739,0.200,0.238
Alouatta_guariba,Saimiri_sciureus,21.321,12,33,272,246,0.0,2036.1,4438.86,27.45,1,3670239,72.344,1046.437,0.159,0.159
Alouatta_guariba,Trachypithecus_cristatus,46.812,12,16,16,10,0.0,16877.5,1988.48,20,1,58897,10.939,833.252,0.000,0.034
Alouatta_palliata,Alouatta_seniculus,3.888,19,26,69,45,18786.4,1783.7,178.68,5.2,0,1928507,64.418,714.984,0.439,0.425
Alouatta_palliata,Aotus_trivirgatus,21.321,19,13,103,11,0.0,2642.9,5664.59,9.95,0,232521,82.469,615.050,0.241,0.405
Alouatta_palliata,Ateles_geoffroyi,14.760,19,12,69,45,390257.6,364.2,1005.41,28.9,0,276249,0.001,345.497,0.693,0.378
Alouatta_palliata,Ateles_paniscus,14.760,19,15,64,50,0.0,3226.4,2120.26,6.9,0,542327,71.577,371.729,0.350,0.316
Alouatta_palliata,Callithrix_jacchus,21.321,19,19,430,316,0.0,4911.9,6286.78,4.55,0,357062,51.513,792.236,0.111,0.200
Alouatta_palliata,Cebus_apella,21.321,19,15,332,218,0.0,3123.6,3818.61,5.2,1,2939882,66.282,238.827,0.404,0.317
Alouatta_palliata,Cebus_capucinus,21.321,19,19,76,38,395124.7,417.1,3571,5.05,1,131235,2.004,237.998,0.634,0.318
Alouatta_palliata,Cercocebus_galeritus,46.812,19,15,66,48,0.0,13960.9,500.67,7.25,2,682437,52.047,1159.169,0.000,0.128
Alouatta_palliata,Cercopithecus_ascanius,46.812,19,17,67,47,0.0,12153.5,3036.75,13.2,1,2291631,54.936,255.321,0.128,0.150
Alouatta_palliata,Cercopithecus_mitis,46.812,19,25,67,47,0.0,12728.9,1535.7,2.9,1,2645510,30.456,710.820,0.102,0.137
Alouatta_palliata,Chlorocebus_aethiops,46.812,19,38,97,17,0.0,13595.3,2881,4.2,2,663278,61.821,1020.505,0.018,0.113
Alouatta_palliata,Colobus_guereza,46.812,19,11,78,36,0.0,12426.2,3348.89,5.5,0,2865536,54.813,454.389,0.118,0.189
Alouatta_palliata,Erythrocebus_patas,46.812,19,10,78,36,0.0,10619.2,1389.31,14.9,2,7044697,81.941,914.229,0.156,0.206
Alouatta_palliata,Eulemur_fulvus,73.003,19,15,93,21,0.0,14857.6,4200,3.95,1,548895,5.431,361.580,0.000,0.056
Alouatta_palliata,Gorilla_gorilla,46.812,19,65,240,126,0.0,11011.8,106012,7.1,2,157929,47.671,121.983,0.012,0.068
Alouatta_palliata,Lophocebus_albigena,46.812,19,14,57,57,0.0,11818.2,841.72,2.9,0,1058025,51.903,110.962,0.132,0.154
Alouatta_palliata,Macaca_fascicularis,46.812,19,27,842,728,0.0,18374.7,2007.67,13.9,2,2142885,5.609,91.944,0.042,0.080
Alouatta_palliata,Macaca_fuscata,46.812,19,15,142,28,0.0,15385.2,3537.77,27.55,2,434425,97.045,524.081,0.029,0.000
Alouatta_palliata,Macaca_nemestrina,46.812,19,10,272,158,0.0,18622.8,1243.79,9.5,2,705016,9.382,303.299,0.065,0.065
Alouatta_palliata,Macaca_sinica,46.812,19,14,64,50,0.0,18458.4,1921,7,2,626168,13.986,582.705,0.000,0.083
Alouatta_palliata,Mandrillus_sphinx,46.812,19,14,115,1,0.0,10762.2,10108.07,0.8,2,280336,32.090,138.454,0.029,0.154
Alouatta_palliata,Pan_troglodytes,46.812,19,52,409,295,0.0,10398.4,38423.01,36.9,2,2519667,56.475,161.578,0.080,0.092
Alouatta_palliata,Papio_anubis,46.812,19,37,197,83,0.0,11202.9,11151.57,26.9,2,7793577,72.894,808.745,0.097,0.111
Alouatta_palliata,Papio_cynocephalus,46.812,19,40,268,154,0.0,12745.4,9245.16,35.1,2,3890669,40.093,729.849,0.066,0.095
Alouatta_palliata,Papio_hamadryas,46.812,19,18,156,42,0.0,14150.9,7430.09,23.8,2,106099,30.370,1367.970,0.000,0.140
Alouatta_palliata,Papio_ursinus,46.812,19,45,191,77,0.0,12222.3,11152.45,33.9,2,2907930,2.955,1262.342,0.059,0.059
Alouatta_palliata,Piliocolobus_badius,46.812,19,21,64,50,0.0,8478.9,1853.41,20.9,0,140119,37.165,184.389,0.050,0.156
Alouatta_palliata,Pongo_pygmaeus,46.812,19,22,137,23,0.0,17871.4,46831.3,12.1,0,296048,51.688,793.848,0.000,0.024
Alouatta_palliata,Saguinus_midas,21.321,19,13,62,52,0.0,3282.7,6036.43,7.55,0,280027,69.641,373.514,0.351,0.333
Alouatta_palliata,Saimiri_oerstedii,21.321,19,12,58,56,7311.7,195.6,5862.81,12,1,665944,8.126,611.804,0.138,0.306
Alouatta_palliata,Saimiri_sciureus,21.321,19,33,316,202,0.0,2679.0,5827.52,21.75,1,4181295,69.715,528.502,0.344,0.259
Alouatta_palliata,Trachypithecus_cristatus,46.812,19,16,60,54,0.0,18620.3,599.82,14.3,1,569953,8.310,315.317,0.054,0.054
Alouatta_seniculus,Aotus_trivirgatus,21.321,26,13,58,34,8516.9,866.6,5485.91,4.75,0,1695986,18.052,99.934,0.162,0.340
Alouatta_seniculus,Ateles_geoffroyi,14.760,26,12,24,0,0.0,2146.9,1184.09,34.1,0,1652257,64.419,1060.481,0.282,0.333
Alouatta_seniculus,Ateles_paniscus,14.760,26,15,19,5,43.7,1449.8,2298.94,12.1,0,1386179,7.160,343.255,0.184,0.311
Alouatta_seniculus,Callithrix_jacchus,21.321,26,19,385,361,0.0,3151.3,6108.1,0.65,0,1571445,12.905,1507.220,0.093,0.188
Alouatta_seniculus,Cebus_apella,21.321,26,15,287,263,2449.4,1347.6,3639.93,0,1,1011375,1.864,476.157,0.396,0.370
Alouatta_seniculus,Cebus_capucinus,21.321,26,19,31,7,76463.3,1375.0,3392.32,10.25,1,2059741,62.414,476.986,0.229,0.275
Alouatta_seniculus,Cercocebus_galeritus,46.812,26,15,21,3,0.0,12177.3,679.35,12.45,2,2610944,12.370,1874.153,0.000,0.128
Alouatta_seniculus,Cercopithecus_ascanius,46.812,26,17,22,2,0.0,10369.9,2858.07,18.4,1,363124,9.482,970.305,0.047,0.180
Alouatta_seniculus,Cercopithecus_mitis,46.812,26,25,22,2,0.0,10964.2,1357.02,8.1,1,717004,33.962,1425.804,0.038,0.164
Alouatta_seniculus,Chlorocebus_aethiops,46.812,26,38,52,28,0.0,11851.7,2702.32,9.4,2,1265229,2.597,1735.489,0.032,0.155
Alouatta_seniculus,Colobus_guereza,46.812,26,11,33,9,0.0,10654.9,3527.57,0.3,0,937029,9.605,1169.373,0.079,0.239
Alouatta_seniculus,Erythrocebus_patas,46.812,26,10,33,9,0.0,8859.0,1567.99,20.1,2,5116190,17.524,1629.213,0.056,0.227
Alouatta_seniculus,Eulemur_fulvus,73.003,26,15,48,24,0.0,13112.2,4021.32,1.25,1,2477402,58.986,1076.564,0.000,0.047
Alouatta_seniculus,Gorilla_gorilla,46.812,26,65,195,171,0.0,9229.2,106190.68,1.9,2,1770578,16.747,836.967,0.034,0.105
Alouatta_seniculus,Lophocebus_albigena,46.812,26,14,12,12,0.0,10035.4,1020.4,8.1,0,870482,12.514,825.946,0.048,0.184
Alouatta_seniculus,Macaca_fascicularis,46.812,26,27,797,773,0.0,19780.0,1828.99,19.1,2,214379,70.026,806.928,0.000,0.102
Alouatta_seniculus,Macaca_fuscata,46.812,26,15,97,73,0.0,16593.7,3716.45,32.75,2,2362932,161.463,1239.065,0.000,0.000
Alouatta_seniculus,Macaca_nemestrina,46.812,26,10,227,203,0.0,19619.1,1422.47,14.7,2,1223491,55.035,411.685,0.000,0.053
Alouatta_seniculus,Macaca_sinica,46.812,26,14,19,5,0.0,16685.1,1742.32,12.2,2,2554675,78.404,1297.689,0.026,0.116
Alouatta_seniculus,Mandrillus_sphinx,46.812,26,14,70,46,0.0,8979.1,10286.75,6,2,2208843,32.328,853.438,0.024,0.184
Alouatta_seniculus,Pan_troglodytes,46.812,26,52,364,340,0.0,8619.1,38601.69,42.1,2,591160,7.943,876.562,0.067,0.146
Alouatta_seniculus,Papio_anubis,46.812,26,37,152,128,0.0,9442.6,11330.25,32.1,2,5865070,8.476,1523.729,0.031,0.137
Alouatta_seniculus,Papio_cynocephalus,46.812,26,40,223,199,0.0,10966.1,9423.84,40.3,2,1962162,24.324,1444.833,0.015,0.123
Alouatta_seniculus,Papio_hamadryas,46.812,26,18,111,87,0.0,12402.9,7608.77,29,2,1822408,34.048,2082.954,0.000,0.154
Alouatta_seniculus,Papio_ursinus,46.812,26,45,146,122,0.0,10556.6,11331.13,39.1,2,979423,61.463,1977.326,0.028,0.080
Alouatta_seniculus,Piliocolobus_badius,46.812,26,21,19,5,0.0,6728.1,2032.09,26.1,0,2068626,27.252,899.373,0.022,0.182
Alouatta_seniculus,Pongo_pygmaeus,46.812,26,22,92,68,0.0,19651.3,47009.98,6.9,0,2224555,12.729,78.864,0.000,0.020
Alouatta_seniculus,Saguinus_midas,21.321,26,13,17,7,0.0,1503.0,5857.75,2.35,0,1648479,5.224,341.470,0.270,0.357
Alouatta_seniculus,Saimiri_oerstedii,21.321,26,12,13,11,0.0,1596.0,5684.13,17.2,1,2594450,72.544,103.180,0.118,0.286
Alouatta_seniculus,Saimiri_sciureus,21.321,26,33,271,247,1523236.3,906.7,5648.84,26.95,1,2252789,5.298,186.482,0.357,0.262
Alouatta_seniculus,Trachypithecus_cristatus,46.812,26,16,15,9,0.0,19625.9,778.5,19.5,1,1358553,56.107,399.667,0.000,0.045
Aotus_trivirgatus,Ateles_geoffroyi,21.321,13,12,58,34,0.0,3007.0,6670,38.85,0,43729,82.471,960.548,0.318,0.483
Aotus_trivirgatus,Ateles_paniscus,21.321,13,15,53,39,280908.3,583.9,7784.85,16.85,0,309806,10.892,243.321,0.310,0.429
Aotus_trivirgatus,Callithrix_jacchus,19.488,13,19,419,327,0.0,2356.2,622.19,5.4,0,124541,30.957,1407.286,0.067,0.263
Aotus_trivirgatus,Cebus_apella,20.093,13,15,321,229,336584.3,577.0,1845.98,4.75,1,2707361,16.188,376.223,0.310,0.459
Aotus_trivirgatus,Cebus_capucinus,20.093,13,19,65,27,0.0,2229.6,2093.59,15,1,363755,80.465,377.052,0.286,0.444
Aotus_trivirgatus,Cercocebus_galeritus,46.812,13,15,55,37,0.0,11320.6,6165.26,17.2,2,914958,30.422,1774.219,0.000,0.176
Aotus_trivirgatus,Cercopithecus_ascanius,46.812,13,17,56,36,0.0,9513.2,2627.84,23.15,1,2059110,27.533,870.371,0.034,0.263
Aotus_trivirgatus,Cercopithecus_mitis,46.812,13,25,56,36,0.0,10135.4,4128.89,12.85,1,2412990,52.014,1325.871,0.000,0.224
Aotus_trivirgatus,Chlorocebus_aethiops,46.812,13,38,86,6,0.0,10985.8,2783.59,14.15,2,430757,20.649,1635.555,0.063,0.196
Aotus_trivirgatus,Colobus_guereza,46.812,13,11,67,25,0.0,9789.1,9013.48,4.45,0,2633015,27.657,1069.439,0.000,0.314
Aotus_trivirgatus,Erythrocebus_patas,46.812,13,10,67,25,0.0,7992.4,7053.9,24.85,2,6812176,0.528,1529.279,0.095,0.367
Aotus_trivirgatus,Eulemur_fulvus,73.003,13,15,82,10,0.0,12293.9,1464.59,6,1,781416,77.038,976.630,0.000,0.067
Aotus_trivirgatus,Gorilla_gorilla,46.812,13,65,229,137,0.0,8369.3,111676.59,2.85,2,74592,34.798,737.033,0.000,0.114
Aotus_trivirgatus,Lophocebus_albigena,46.812,13,14,46,46,0.0,9175.8,6506.31,12.85,0,825504,30.566,726.013,0.000,0.270
Aotus_trivirgatus,Macaca_fascicularis,46.812,13,27,831,739,0.0,19005.7,3656.92,23.85,2,1910365,88.078,706.994,0.026,0.136
Aotus_trivirgatus,Macaca_fuscata,46.812,13,15,131,39,0.0,17117.9,9202.36,37.5,2,666946,179.515,1139.131,0.000,0.000
Aotus_trivirgatus,Macaca_nemestrina,46.812,13,10,261,169,0.0,18764.1,6908.38,19.45,2,472495,73.087,311.751,0.000,0.080
Aotus_trivirgatus,Macaca_sinica,46.812,13,14,53,39,0.0,15820.9,3743.59,16.95,2,858689,96.455,1197.755,0.000,0.129
Aotus_trivirgatus,Mandrillus_sphinx,46.812,13,14,104,12,0.0,8120.2,15772.66,10.75,2,512857,50.380,753.504,0.000,0.270
Aotus_trivirgatus,Pan_troglodytes,46.812,13,52,398,306,0.0,7755.8,44087.6,46.85,2,2287146,25.995,776.628,0.000,0.145
Aotus_trivirgatus,Papio_anubis,46.812,13,37,186,94,0.0,8575.9,16816.16,36.85,2,7561056,9.576,1423.795,0.020,0.200
Aotus_trivirgatus,Papio_cynocephalus,46.812,13,40,257,165,0.0,10121.1,14909.75,45.05,2,3658148,42.376,1344.899,0.019,0.164
Aotus_trivirgatus,Papio_hamadryas,46.812,13,18,145,53,0.0,11536.7,13094.68,33.75,2,126422,52.100,1983.020,0.000,0.205
Aotus_trivirgatus,Papio_ursinus,46.812,13,45,180,88,0.0,9801.6,16817.04,43.85,2,2675409,79.515,1877.392,0.018,0.082
Aotus_trivirgatus,Piliocolobus_badius,46.812,13,21,53,39,0.0,5862.5,7518,30.85,0,372640,45.304,799.440,0.030,0.256
Aotus_trivirgatus,Pongo_pygmaeus,46.812,13,22,126,34,0.0,19512.3,52495.89,2.15,0,528569,30.781,178.798,0.000,0.028
Aotus_trivirgatus,Saguinus_midas,19.488,13,13,51,41,224923.1,640.0,371.84,2.4,0,47507,12.828,241.536,0.259,0.429
Aotus_trivirgatus,Saimiri_oerstedii,20.093,13,12,47,45,0.0,2452.2,198.22,21.95,1,898464,90.596,3.247,0.190,0.414
Aotus_trivirgatus,Saimiri_sciureus,20.093,13,33,305,213,633459.9,311.2,162.93,31.7,1,3948774,12.754,86.548,0.217,0.333
Aotus_trivirgatus,Trachypithecus_cristatus,46.812,13,16,49,43,0.0,18761.3,6264.41,24.25,1,337432,74.159,299.733,0.000,0.065
Ateles_geoffroyi,Ateles_paniscus,2.680,12,15,19,5,0.0,3590.6,1114.85,22,0,266078,71.579,717.227,0.433,0.414
Ateles_geoffroyi,Callithrix_jacchus,21.321,12,19,385,361,0.0,5268.3,7292.19,33.45,0,80813,51.514,446.739,0.179,0.281
Ateles_geoffroyi,Cebus_apella,21.321,12,15,287,263,0.0,3484.5,4824.02,34.1,1,2663632,66.283,584.324,0.528,0.452
Ateles_geoffroyi,Cebus_capucinus,21.321,12,19,31,7,282371.3,780.3,4576.41,23.85,1,407484,2.005,583.496,0.754,0.500
Ateles_geoffroyi,Cercocebus_galeritus,46.812,12,15,21,3,0.0,14324.0,504.74,21.65,2,958687,52.049,813.671,0.074,0.194
Ateles_geoffroyi,Cercopithecus_ascanius,46.812,12,17,22,2,0.0,12516.8,4042.16,15.7,1,2015382,54.937,90.176,0.194,0.219
Ateles_geoffroyi,Cercopithecus_mitis,46.812,12,25,22,2,0.0,13083.0,2541.11,26,1,2369261,30.457,365.323,0.146,0.186
Ateles_geoffroyi,Chlorocebus_aethiops,46.812,12,38,52,28,0.0,13955.4,3886.41,24.7,2,387028,61.822,675.007,0.083,0.170
Ateles_geoffroyi,Colobus_guereza,46.812,12,11,33,9,0.0,12790.1,2343.48,34.4,0,2589286,54.814,108.891,0.192,0.276
Ateles_geoffroyi,Erythrocebus_patas,46.812,12,10,33,9,0.0,10982.1,383.9,14,2,6768447,81.943,568.731,0.231,0.259
Ateles_geoffroyi,Eulemur_fulvus,73.003,12,15,48,24,0.0,15203.4,5205.41,32.85,1,825144,5.432,16.083,0.000,0.069
Ateles_geoffroyi,Gorilla_gorilla,46.812,12,65,195,171,0.0,11375.6,105006.59,36,2,118321,47.672,223.514,0.038,0.085
Ateles_geoffroyi,Lophocebus_albigena,46.812,12,14,12,12,0.0,12182.0,163.69,26,0,781776,51.904,234.535,0.188,0.188
Ateles_geoffroyi,Macaca_fascicularis,46.812,12,27,797,773,0.0,18010.6,3013.08,15,2,1866636,5.607,253.553,0.075,0.119
Ateles_geoffroyi,Macaca_fuscata,46.812,12,15,97,73,0.0,15084.3,2532.36,1.35,2,710675,97.044,178.584,0.074,0.038
Ateles_geoffroyi,Macaca_nemestrina,46.812,12,10,227,203,0.0,18258.8,238.38,19.4,2,428767,9.384,648.796,0.120,0.083
Ateles_geoffroyi,Macaca_sinica,46.812,12,14,19,5,0.0,18821.2,2926.41,21.9,2,902418,13.985,237.207,0.037,0.103
Ateles_geoffroyi,Mandrillus_sphinx,46.812,12,14,70,46,0.0,11125.8,9102.66,28.1,2,556586,32.091,207.044,0.071,0.188
Ateles_geoffroyi,Pan_troglodytes,46.812,12,52,364,340,0.0,10762.6,37417.6,8,2,2243418,56.476,183.920,0.101,0.114
Ateles_geoffroyi,Papio_anubis,46.812,12,37,152,128,0.0,11565.8,10146.16,2,2,7517328,72.895,463.248,0.130,0.145
Ateles_geoffroyi,Papio_cynocephalus,46.812,12,40,223,199,0.0,13105.2,8239.75,6.2,2,3614420,40.095,384.352,0.091,0.107
Ateles_geoffroyi,Papio_hamadryas,46.812,12,18,111,87,0.0,14511.4,6424.68,5.1,2,170150,30.371,1022.473,0.067,0.200
Ateles_geoffroyi,Papio_ursinus,46.812,12,45,146,122,0.0,12548.0,10147.04,5,2,2631681,2.956,916.845,0.083,0.083
Ateles_geoffroyi,Piliocolobus_badius,46.812,12,21,19,5,0.0,8841.2,848,8,0,416369,37.167,161.108,0.094,0.216
Ateles_geoffroyi,Pongo_pygmaeus,46.812,12,22,92,68,0.0,17507.6,45825.89,41,0,572298,51.689,1139.346,0.000,0.029
Ateles_geoffroyi,Saguinus_midas,21.321,12,13,17,7,0.0,3646.7,7041.84,36.45,0,3778,69.643,719.011,0.444,0.464
Ateles_geoffroyi,Saimiri_oerstedii,21.321,12,12,13,11,7311.7,557.5,6868.22,16.9,1,942193,8.125,957.301,0.300,0.481
Ateles_geoffroyi,Saimiri_sciureus,21.321,12,33,271,247,0.0,3039.8,6832.93,7.15,1,3905046,69.717,874.000,0.392,0.340
Ateles_geoffroyi,Trachypithecus_cristatus,46.812,12,16,15,9,0.0,18257.3,405.59,14.6,1,293704,8.311,660.814,0.103,0.103
Ateles_paniscus,Callithrix_jacchus,21.321,15,19,380,366,0.0,1834.3,8407.04,11.45,0,185265,20.065,1163.966,0.125,0.263
Ateles_paniscus,Cebus_apella,21.321,15,15,282,268,1009295.3,388.6,5938.87,12.1,1,2397554,5.296,132.902,0.615,0.429
Ateles_paniscus,Cebus_capucinus,21.321,15,19,26,12,0.0,2812.5,5691.26,1.85,1,673562,69.573,133.731,0.333,0.316
Ateles_paniscus,Cercocebus_galeritus,46.812,15,15,16,2,0.0,10738.7,1619.59,0.35,2,1224765,19.530,1530.898,0.034,0.200
Ateles_paniscus,Cercopithecus_ascanius,46.812,15,17,17,3,0.0,8931.5,5157.01,6.3,1,1749304,16.641,627.050,0.032,0.250
Ateles_paniscus,Cercopithecus_mitis,46.812,15,25,17,3,0.0,9566.9,3655.96,4,1,2103183,41.122,1082.550,0.050,0.240
Ateles_paniscus,Chlorocebus_aethiops,46.812,15,38,47,33,0.0,10405.1,5001.26,2.7,2,120950,9.757,1392.234,0.039,0.183
Ateles_paniscus,Colobus_guereza,46.812,15,11,28,14,0.0,9205.2,1228.63,12.4,0,2323208,16.764,826.118,0.037,0.297
Ateles_paniscus,Erythrocebus_patas,46.812,15,10,28,14,0.0,7410.0,730.95,8,2,6502369,10.364,1285.958,0.042,0.324
Ateles_paniscus,Eulemur_fulvus,73.003,15,15,43,29,0.0,11729.2,6320.26,10.85,1,1091222,66.146,733.310,0.034,0.097
Ateles_paniscus,Gorilla_gorilla,46.812,15,65,190,176,0.0,7786.5,103891.74,14,2,384398,23.906,493.712,0.013,0.124
Ateles_paniscus,Lophocebus_albigena,46.812,15,14,7,7,0.0,8593.1,1278.54,4,0,515698,19.674,482.692,0.033,0.256
Ateles_paniscus,Macaca_fascicularis,46.812,15,27,792,778,0.0,18425.2,4127.93,7,2,1600558,77.186,463.673,0.000,0.125
Ateles_paniscus,Macaca_fuscata,46.812,15,15,92,78,0.0,17340.2,1417.51,20.65,2,976753,168.623,895.810,0.032,0.000
Ateles_paniscus,Macaca_nemestrina,46.812,15,10,222,208,0.0,18180.3,876.47,2.6,2,162689,62.195,68.430,0.000,0.074
Ateles_paniscus,Macaca_sinica,46.812,15,14,14,0,0.0,15236.9,4041.26,0.1,2,1168496,85.563,954.434,0.036,0.156
Ateles_paniscus,Mandrillus_sphinx,46.812,15,14,65,51,0.0,7537.8,7987.81,6.1,2,822663,39.488,510.183,0.036,0.289
Ateles_paniscus,Pan_troglodytes,46.812,15,52,359,345,0.0,7172.1,36302.75,30,2,1977340,15.103,533.307,0.030,0.156
Ateles_paniscus,Papio_anubis,46.812,15,37,147,133,0.0,7993.4,9031.31,20,2,7251250,1.316,1180.474,0.038,0.194
Ateles_paniscus,Papio_cynocephalus,46.812,15,40,218,204,0.0,9544.5,7124.9,28.2,2,3348342,31.484,1101.578,0.038,0.177
Ateles_paniscus,Papio_hamadryas,46.812,15,18,106,92,0.0,10955.1,5309.83,16.9,2,436228,41.208,1739.700,0.031,0.225
Ateles_paniscus,Papio_ursinus,46.812,15,45,141,127,0.0,9275.6,9032.19,27,2,2365603,68.623,1634.071,0.049,0.094
Ateles_paniscus,Piliocolobus_badius,46.812,15,21,14,0,0.0,5282.7,266.85,14,0,682447,34.412,556.119,0.059,0.273
Ateles_paniscus,Pongo_pygmaeus,46.812,15,22,87,73,0.0,18928.9,44711.04,19,0,838376,19.889,422.119,0.028,0.054
Ateles_paniscus,Saguinus_midas,21.321,15,13,12,2,829530.1,72.6,8156.69,14.45,0,262300,1.936,1.784,0.574,0.429
Ateles_paniscus,Saimiri_oerstedii,21.321,15,12,8,6,0.0,3035.3,7983.07,5.1,1,1208271,79.704,240.074,0.174,0.367
Ateles_paniscus,Saimiri_sciureus,21.321,15,33,266,252,994340.2,656.4,7947.78,14.85,1,3638968,1.862,156.773,0.471,0.308
Ateles_paniscus,Trachypithecus_cristatus,46.812,15,16,10,4,0.0,18177.5,1520.44,7.4,1,27626,63.267,56.412,0.000,0.061
Callithrix_jacchus,Cebus_apella,20.093,19,15,648,98,19488.4,1807.4,2468.17,0.65,1,2582820,14.769,1031.063,0.152,0.282
Callithrix_jacchus,Cebus_capucinus,20.093,19,19,392,354,0.0,4516.2,2715.78,9.6,1,488296,49.509,1030.235,0.143,0.250
Callithrix_jacchus,Cercocebus_galeritus,46.812,19,15,382,364,0.0,9083.1,6787.45,11.8,2,1039499,0.535,366.932,0.000,0.171
Callithrix_jacchus,Cercopithecus_ascanius,46.812,19,17,383,363,0.0,7286.9,3250.03,17.75,1,1934569,3.423,536.915,0.029,0.227
Callithrix_jacchus,Cercopithecus_mitis,46.812,19,25,383,363,0.0,7817.8,4751.08,7.45,1,2288449,21.057,81.416,0.000,0.185
Callithrix_jacchus,Chlorocebus_aethiops,46.812,19,38,413,333,0.0,8929.8,3405.78,8.75,2,306216,10.308,228.269,0.018,0.141
Callithrix_jacchus,Colobus_guereza,46.812,19,11,394,352,0.0,7658.9,9635.67,0.95,0,2508474,3.300,337.848,0.000,0.250
Callithrix_jacchus,Erythrocebus_patas,46.812,19,10,394,352,0.0,5949.6,7676.09,19.45,2,6687635,30.429,121.992,0.036,0.270
Callithrix_jacchus,Eulemur_fulvus,73.003,19,15,409,337,0.0,9960.9,2086.78,0.6,1,905957,46.082,430.656,0.000,0.081
Callithrix_jacchus,Gorilla_gorilla,46.812,19,65,556,190,0.0,6175.2,112298.78,2.55,2,199133,3.842,670.253,0.012,0.118
Callithrix_jacchus,Lophocebus_albigena,46.812,19,14,373,373,0.0,6971.7,7128.5,7.45,0,700963,0.390,681.274,0.000,0.233
Callithrix_jacchus,Macaca_fascicularis,46.812,19,27,1158,412,0.0,16676.2,4279.11,18.45,2,1785824,57.121,700.292,0.000,0.115
Callithrix_jacchus,Macaca_fuscata,46.812,19,15,458,288,0.0,16467.3,9824.55,32.1,2,791487,148.558,268.155,0.000,0.000
Callithrix_jacchus,Macaca_nemestrina,46.812,19,10,588,158,0.0,16468.5,7530.57,14.05,2,347954,42.130,1095.535,0.000,0.094
Callithrix_jacchus,Macaca_sinica,46.812,19,14,380,366,0.0,13599.2,4365.78,11.55,2,983230,65.499,209.531,0.000,0.132
Callithrix_jacchus,Mandrillus_sphinx,46.812,19,14,431,315,0.0,5920.2,16394.85,5.35,2,637398,19.423,653.783,0.000,0.233
Callithrix_jacchus,Pan_troglodytes,46.812,19,52,725,21,0.0,5605.1,44709.79,41.45,2,2162605,4.962,630.658,0.014,0.138
Callithrix_jacchus,Papio_anubis,46.812,19,37,513,233,0.0,6517.7,17438.35,31.45,2,7436515,21.381,16.509,0.018,0.169
Callithrix_jacchus,Papio_cynocephalus,46.812,19,40,584,162,0.0,7841.1,15531.94,39.65,2,3533607,11.419,62.387,0.035,0.167
Callithrix_jacchus,Papio_hamadryas,46.812,19,18,472,274,0.0,9456.4,13716.87,28.35,2,250963,21.143,575.734,0.000,0.178
Callithrix_jacchus,Papio_ursinus,46.812,19,45,507,239,0.0,7447.4,17439.23,38.45,2,2550868,48.558,470.106,0.016,0.101
Callithrix_jacchus,Piliocolobus_badius,46.812,19,21,380,366,0.0,3951.6,8140.19,25.45,0,497181,14.347,607.847,0.053,0.234
Callithrix_jacchus,Pongo_pygmaeus,46.812,19,22,453,293,0.0,17202.3,53118.08,7.55,0,653110,0.175,1586.085,0.000,0.047
Callithrix_jacchus,Saguinus_midas,15.712,19,13,378,368,0.0,1763.2,250.35,3,0,77034,18.128,1165.750,0.143,0.333
Callithrix_jacchus,Saimiri_oerstedii,20.093,19,12,374,372,0.0,4732.5,423.97,16.55,1,1023006,59.639,1404.040,0.107,0.219
Callithrix_jacchus,Saimiri_sciureus,20.093,19,33,632,114,68837.7,2244.6,459.26,26.3,1,3824233,18.203,1320.738,0.244,0.333
Callithrix_jacchus,Trachypithecus_cristatus,46.812,19,16,376,370,0.0,16484.0,6886.6,18.85,1,212891,43.203,1107.553,0.000,0.079
Cebus_apella,Cebus_capucinus,6.449,15,19,294,256,0.0,2720.0,247.61,10.25,0,3071116,64.277,0.828,0.476,0.421
Cebus_apella,Cercocebus_galeritus,46.812,15,15,284,266,0.0,10842.6,4319.28,12.45,1,3622319,14.234,1397.995,0.032,0.189
Cebus_apella,Cercopithecus_ascanius,46.812,15,17,285,265,0.0,9036.7,781.86,18.4,0,648251,11.345,494.148,0.167,0.268
Cebus_apella,Cercopithecus_mitis,46.812,15,25,285,265,0.0,9616.6,2282.91,8.1,0,294371,35.826,949.647,0.149,0.231
Cebus_apella,Chlorocebus_aethiops,46.812,15,38,315,235,0.0,10577.8,937.61,9.4,1,2276604,4.461,1259.332,0.039,0.197
Cebus_apella,Colobus_guereza,46.812,15,11,296,254,0.0,9350.2,7167.5,0.3,1,74346,11.469,693.215,0.226,0.351
Cebus_apella,Erythrocebus_patas,46.812,15,10,296,254,0.0,7576.5,5207.92,20.1,1,4104815,15.660,1153.055,0.148,0.343
Cebus_apella,Eulemur_fulvus,73.003,15,15,311,239,0.0,11766.0,381.39,1.25,0,3488777,60.850,600.407,0.000,0.091
Cebus_apella,Gorilla_gorilla,46.812,15,65,458,92,0.0,7902.8,109830.61,1.9,1,2781953,18.610,360.810,0.024,0.121
Cebus_apella,Lophocebus_albigena,46.812,15,14,275,275,0.0,8707.5,4660.33,8.1,1,1881857,14.378,349.789,0.194,0.275
Cebus_apella,Macaca_fascicularis,46.812,15,27,1060,510,0.0,18483.5,1810.94,19.1,1,796996,71.890,330.771,0.023,0.143
Cebus_apella,Macaca_fuscata,46.812,15,15,360,190,0.0,16952.2,7356.38,32.75,1,3374307,163.327,762.908,0.032,0.000
Cebus_apella,Macaca_nemestrina,46.812,15,10,490,60,0.0,18271.6,5062.4,14.7,1,2234866,56.899,64.472,0.038,0.107
Cebus_apella,Macaca_sinica,46.812,15,14,282,268,0.0,15360.5,1897.61,12.2,1,3566050,80.267,821.532,0.033,0.147
Cebus_apella,Mandrillus_sphinx,46.812,15,14,333,217,0.0,7650.9,13926.68,6,1,3220218,34.192,377.280,0.065,0.275
Cebus_apella,Pan_troglodytes,46.812,15,52,627,77,0.0,7303.1,42241.62,42.1,1,420215,9.807,400.405,0.095,0.152
Cebus_apella,Papio_anubis,46.812,15,37,415,135,0.0,8157.7,14970.18,32.1,1,4853695,6.612,1047.572,0.119,0.188
Cebus_apella,Papio_cynocephalus,46.812,15,40,486,64,0.0,9621.9,13063.77,40.3,1,950787,26.188,968.676,0.054,0.172
Cebus_apella,Papio_hamadryas,46.812,15,18,374,176,0.0,11121.8,11248.7,29,1,2833783,35.912,1606.797,0.000,0.214
Cebus_apella,Papio_ursinus,46.812,15,45,409,141,0.0,9240.6,14971.06,39.1,1,31952,63.327,1501.169,0.063,0.091
Cebus_apella,Piliocolobus_badius,46.812,15,21,282,268,0.0,5471.2,5672.02,26.1,1,3080001,29.116,423.216,0.081,0.261
Cebus_apella,Pongo_pygmaeus,46.812,15,22,355,195,0.0,19009.7,50649.91,6.9,1,3235930,14.593,555.022,0.000,0.051
Cebus_apella,Saguinus_midas,20.093,15,13,280,270,871775.9,368.7,2217.82,2.35,1,2659854,3.360,134.687,0.625,0.455
Cebus_apella,Saimiri_oerstedii,18.570,15,12,276,274,0.0,2939.3,2044.2,17.2,0,3605825,74.408,372.977,0.208,0.387
Cebus_apella,Saimiri_sciureus,18.570,15,33,534,16,2217098.8,444.8,2008.91,26.95,0,1241414,3.434,289.675,0.714,0.385
Cebus_apella,Trachypithecus_cristatus,46.812,15,16,278,272,0.0,18282.9,4418.43,19.5,0,2369929,57.971,76.490,0.031,0.088
Cebus_capucinus,Cercocebus_galeritus,46.812,19,15,28,10,0.0,13549.8,4071.67,2.2,1,551203,50.043,1397.167,0.000,0.128
Cebus_capucinus,Cercopithecus_ascanius,46.812,19,17,29,9,0.0,11742.4,534.25,8.15,0,2422866,52.932,493.320,0.122,0.143
Cebus_capucinus,Cercopithecus_mitis,46.812,19,25,29,9,0.0,12333.7,2035.3,2.15,0,2776745,28.452,948.819,0.102,0.137
Cebus_capucinus,Chlorocebus_aethiops,46.812,19,38,59,21,0.0,13178.8,690,0.85,1,794512,59.817,1258.503,0.035,0.127
Cebus_capucinus,Colobus_guereza,46.812,19,11,40,2,0.0,12009.8,6919.89,10.55,1,2996770,52.809,692.387,0.118,0.189
Cebus_capucinus,Erythrocebus_patas,46.812,19,10,40,2,0.0,10202.1,4960.31,9.85,1,7175931,79.937,1152.227,0.147,0.194
Cebus_capucinus,Eulemur_fulvus,73.003,19,15,55,17,0.0,14472.8,629,9,0,417661,3.427,599.579,0.000,0.056
Cebus_capucinus,Gorilla_gorilla,46.812,19,65,202,164,0.0,10598.9,109583,12.15,1,289163,45.667,359.981,0.012,0.067
Cebus_capucinus,Lophocebus_albigena,46.812,19,14,19,19,0.0,11405.4,4412.72,2.15,1,1189260,49.899,348.961,0.132,0.154
Cebus_capucinus,Macaca_fascicularis,46.812,19,27,804,766,0.0,18790.5,1563.33,8.85,1,2274120,7.613,329.943,0.042,0.080
Cebus_capucinus,Macaca_fuscata,46.812,19,15,104,66,0.0,15743.4,7108.77,22.5,1,303191,99.049,762.079,0.029,0.000
Cebus_capucinus,Macaca_nemestrina,46.812,19,10,234,196,0.0,19034.2,4814.79,4.45,1,836251,7.378,65.300,0.065,0.065
Cebus_capucinus,Macaca_sinica,46.812,19,14,26,12,0.0,18041.4,1650,1.95,1,494934,15.990,820.703,0.000,0.083
Cebus_capucinus,Mandrillus_sphinx,46.812,19,14,77,39,0.0,10349.8,13679.07,4.25,1,149102,30.086,376.452,0.029,0.154
Cebus_capucinus,Pan_troglodytes,46.812,19,52,371,333,0.0,9983.7,41994.01,31.85,1,2650902,54.471,399.576,0.078,0.090
Cebus_capucinus,Papio_anubis,46.812,19,37,159,121,0.0,10785.9,14722.57,21.85,1,7924811,70.890,1046.743,0.100,0.129
Cebus_capucinus,Papio_cynocephalus,46.812,19,40,230,192,0.0,12341.0,12816.16,30.05,1,4021904,38.089,967.847,0.063,0.092
Cebus_capucinus,Papio_hamadryas,46.812,19,18,118,80,0.0,13734.2,11001.09,18.75,1,237334,28.366,1605.969,0.000,0.140
Cebus_capucinus,Papio_ursinus,46.812,19,45,153,115,0.0,11866.7,14723.45,28.85,1,3039165,0.950,1500.340,0.059,0.059
Cebus_capucinus,Piliocolobus_badius,46.812,19,21,26,12,0.0,8061.8,5424.41,15.85,1,8885,35.161,422.388,0.024,0.149
Cebus_capucinus,Pongo_pygmaeus,46.812,19,22,99,61,0.0,18282.8,50402.3,17.15,1,164814,49.684,555.850,0.000,0.024
Cebus_capucinus,Saguinus_midas,20.093,19,13,24,14,0.0,2869.6,2465.43,12.6,1,411262,67.637,135.515,0.419,0.455
Cebus_capucinus,Saimiri_oerstedii,18.570,19,12,20,18,7311.7,223.0,2291.81,6.95,0,534709,10.130,373.805,0.375,0.531
Cebus_capucinus,Saimiri_sciureus,18.570,19,33,278,240,0.0,2276.4,2256.52,16.7,0,4312530,67.711,290.504,0.357,0.321
Cebus_capucinus,Trachypithecus_cristatus,46.812,19,16,22,16,0.0,19027.1,4170.82,9.25,0,701188,6.306,77.318,0.054,0.054
Cercocebus_galeritus,Cercopithecus_ascanius,14.875,15,17,19,1,0.0,1807.5,3537.42,5.95,1,2974068,2.889,903.847,0.231,0.672
Cercocebus_galeritus,Cercopithecus_mitis,14.875,15,25,19,1,202.2,1502.8,2036.37,4.35,1,3327948,21.592,448.348,0.313,0.656
Cercocebus_galeritus,Chlorocebus_aethiops,14.875,15,38,49,31,0.0,1239.8,3381.67,3.05,0,1345715,9.773,138.664,0.152,0.494
Cercocebus_galeritus,Colobus_guereza,21.410,15,11,30,12,0.0,1671.6,2848.22,12.75,2,3547973,2.765,704.780,0.250,0.700
Cercocebus_galeritus,Erythrocebus_patas,14.875,15,10,30,12,0.0,3469.7,888.64,7.65,0,7727134,29.894,244.940,0.261,0.712
Cercocebus_galeritus,Eulemur_fulvus,73.003,15,15,45,27,0.0,1455.6,4700.67,11.2,1,133542,46.616,797.588,0.034,0.333
Cercocebus_galeritus,Gorilla_gorilla,30.000,15,65,192,174,0.0,2954.7,105511.33,14.35,0,840366,4.376,1037.186,0.127,0.244
Cercocebus_galeritus,Lophocebus_albigena,11.350,15,14,9,9,0.0,2148.8,341.05,4.35,2,1740462,0.144,1048.206,0.409,0.759
Cercocebus_galeritus,Macaca_fascicularis,12.853,15,27,794,776,0.0,7686.5,2508.34,6.65,0,2825323,57.656,1067.224,0.116,0.255
Cercocebus_galeritus,Macaca_fuscata,12.853,15,15,94,76,0.0,9890.6,3037.1,20.3,0,248012,149.093,635.088,0.200,0.259
Cercocebus_galeritus,Macaca_nemestrina,12.853,15,10,224,206,0.0,7445.7,743.12,2.25,0,1387453,42.665,1462.467,0.107,0.286
Cercocebus_galeritus,Macaca_sinica,12.853,15,14,16,2,0.0,4519.9,2421.67,0.25,0,56269,66.033,576.464,0.160,0.382
Cercocebus_galeritus,Mandrillus_sphinx,5.304,15,14,67,49,0.0,3201.5,9607.4,6.45,0,402101,19.958,1020.715,0.240,0.513
Cercocebus_galeritus,Pan_troglodytes,30.000,15,52,361,343,0.0,3583.6,37922.34,29.65,0,3202104,4.427,997.591,0.175,0.472
Cercocebus_galeritus,Papio_anubis,11.350,15,37,149,131,0.0,2910.2,10650.9,19.65,0,8476014,20.846,350.424,0.182,0.538
Cercocebus_galeritus,Papio_cynocephalus,11.350,15,40,220,202,202.2,1287.0,8744.49,27.85,0,4573107,11.954,429.320,0.163,0.506
Cercocebus_galeritus,Papio_hamadryas,11.350,15,18,108,90,0.0,1117.3,6929.42,16.55,0,788536,21.678,208.802,0.138,0.444
Cercocebus_galeritus,Papio_ursinus,11.350,15,45,143,125,0.0,2759.2,10651.78,26.65,0,3590367,49.093,103.173,0.170,0.405
Cercocebus_galeritus,Piliocolobus_badius,21.410,15,21,16,2,0.0,5588.0,1352.74,13.65,2,542318,14.882,974.779,0.333,0.526
Cercocebus_galeritus,Pongo_pygmaeus,30.000,15,22,89,71,0.0,8197.3,46330.63,19.35,2,386389,0.359,1953.017,0.088,0.114
Cercocebus_galeritus,Saguinus_midas,46.812,15,13,14,4,0.0,10680.6,6537.1,14.8,2,962465,17.594,1532.682,0.000,0.176
Cercocebus_galeritus,Saimiri_oerstedii,46.812,15,12,10,8,0.0,13772.1,6363.48,4.75,1,16494,60.174,1770.972,0.000,0.156
Cercocebus_galeritus,Saimiri_sciureus,46.812,15,33,268,250,0.0,11287.2,6328.19,14.5,1,4863733,17.668,1687.671,0.000,0.127
Cercocebus_galeritus,Trachypithecus_cristatus,21.410,15,16,12,6,0.0,7448.9,99.15,7.05,1,1252391,43.737,1474.485,0.179,0.303
Cercopithecus_ascanius,Cercopithecus_mitis,6.429,17,25,20,0,742934.9,1106.4,1501.05,10.3,0,353880,24.481,455.499,0.797,0.707
Cercopithecus_ascanius,Chlorocebus_aethiops,9.848,17,38,50,30,0.0,1915.9,155.75,9,1,1628353,6.885,765.184,0.229,0.554
Cercopithecus_ascanius,Colobus_guereza,21.410,17,11,31,11,753871.4,741.8,6385.64,18.7,1,573905,0.123,199.067,0.759,0.740
Cercopithecus_ascanius,Erythrocebus_patas,9.848,17,10,31,11,438564.5,1813.1,4426.06,1.7,1,4753066,27.005,658.907,0.596,0.747
Cercopithecus_ascanius,Eulemur_fulvus,73.003,17,15,46,26,0.0,2987.6,1163.25,17.15,0,2840526,49.505,106.259,0.000,0.289
Cercopithecus_ascanius,Gorilla_gorilla,30.000,17,65,193,173,725.8,1154.6,109048.75,20.3,1,2133702,7.265,133.338,0.241,0.313
Cercopithecus_ascanius,Lophocebus_albigena,14.875,17,14,10,10,740387.5,367.9,3878.47,10.3,1,1233606,3.033,144.359,0.807,0.757
Cercopithecus_ascanius,Macaca_fascicularis,14.875,17,27,795,775,0.0,9493.7,1029.08,0.7,1,148745,60.545,163.377,0.160,0.250
Cercopithecus_ascanius,Macaca_fuscata,14.875,17,15,95,75,0.0,11533.3,6574.52,14.35,1,2726056,151.981,268.760,0.250,0.226
Cercopithecus_ascanius,Macaca_nemestrina,14.875,17,10,225,205,0.0,9253.2,4280.54,3.7,1,1586615,45.554,558.620,0.229,0.270
Cercopithecus_ascanius,Macaca_sinica,14.875,17,14,17,3,0.0,6324.2,1115.75,6.2,1,2917799,68.922,327.384,0.167,0.342
Cercopithecus_ascanius,Mandrillus_sphinx,14.875,17,14,68,48,0.0,1396.4,13144.82,12.4,1,2571967,22.846,116.868,0.342,0.545
Cercopithecus_ascanius,Pan_troglodytes,30.000,17,52,362,342,836688.4,1797.6,41459.76,23.7,1,228036,1.538,93.743,0.612,0.561
Cercopithecus_ascanius,Papio_anubis,14.875,17,37,150,130,1056168.3,1355.0,14188.32,13.7,1,5501946,17.958,553.424,0.697,0.613
Cercopithecus_ascanius,Papio_cynocephalus,14.875,17,40,221,201,974179.4,758.8,12281.91,21.9,1,1599038,14.843,474.528,0.328,0.566
Cercopithecus_ascanius,Papio_hamadryas,14.875,17,18,109,89,0.0,2318.2,10466.84,10.6,1,2185532,24.566,1112.649,0.194,0.457
Cercopithecus_ascanius,Papio_ursinus,14.875,17,45,144,124,0.0,2316.5,14189.2,20.7,1,616299,51.982,1007.021,0.352,0.425
Cercopithecus_ascanius,Piliocolobus_badius,21.410,17,21,17,3,0.0,3837.1,4890.16,7.7,1,2431750,17.771,70.932,0.476,0.551
Cercopithecus_ascanius,Pongo_pygmaeus,30.000,17,22,90,70,0.0,10004.8,49868.05,25.3,1,2587679,3.248,1049.170,0.054,0.103
Cercopithecus_ascanius,Saguinus_midas,46.812,17,13,15,5,0.0,8873.2,2999.68,20.75,1,2011604,14.705,628.835,0.091,0.250
Cercopithecus_ascanius,Saimiri_oerstedii,46.812,17,12,11,9,0.0,11964.6,2826.06,1.2,0,2957575,63.062,867.125,0.074,0.194
Cercopithecus_ascanius,Saimiri_sciureus,46.812,17,33,269,249,0.0,9481.2,2790.77,8.55,0,1889664,14.779,783.823,0.111,0.186
Cercopithecus_ascanius,Trachypithecus_cristatus,21.410,17,16,13,7,0.0,9256.2,3636.57,1.1,0,1721678,46.626,570.638,0.229,0.270
Cercopithecus_mitis,Chlorocebus_aethiops,9.848,25,38,50,30,69964.2,2298.2,1345.3,1.3,1,1982233,31.365,309.684,0.304,0.552
Cercopithecus_mitis,Colobus_guereza,21.410,25,11,31,11,405870.5,1642.0,4884.59,8.4,1,220025,24.357,256.432,0.737,0.694
Cercopithecus_mitis,Erythrocebus_patas,9.848,25,10,31,11,172360.6,2860.1,2925.01,12,1,4399186,51.486,203.408,0.582,0.716
Cercopithecus_mitis,Eulemur_fulvus,73.003,25,15,46,26,0.0,2167.1,2664.3,6.85,0,3194406,25.024,349.240,0.026,0.269
Cercopithecus_mitis,Gorilla_gorilla,30.000,25,65,193,173,0.0,2061.9,107547.7,10,1,2487582,17.216,588.837,0.267,0.313
Cercopithecus_mitis,Lophocebus_albigena,14.875,25,14,10,10,490139.4,1430.1,2377.42,0,1,1587485,21.448,599.858,0.793,0.740
Cercopithecus_mitis,Macaca_fascicularis,14.875,25,27,795,775,0.0,8874.8,471.97,11,1,502625,36.064,618.876,0.179,0.246
Cercopithecus_mitis,Macaca_fuscata,14.875,25,15,95,75,0.0,10582.8,5073.47,24.65,1,3079936,127.501,186.739,0.257,0.235
Cercopithecus_mitis,Macaca_nemestrina,14.875,25,10,225,205,0.0,8655.0,2779.49,6.6,1,1940494,21.073,1014.119,0.233,0.233
Cercopithecus_mitis,Macaca_sinica,14.875,25,14,17,3,0.0,5814.1,385.3,4.1,1,3271679,44.442,128.116,0.162,0.295
Cercopithecus_mitis,Mandrillus_sphinx,14.875,25,14,68,48,0.0,2250.0,11643.77,2.1,1,2925847,1.634,572.367,0.375,0.545
Cercopithecus_mitis,Pan_troglodytes,30.000,25,52,362,342,500110.8,2701.1,39958.71,34,1,125844,26.019,549.243,0.628,0.563
Cercopithecus_mitis,Papio_anubis,14.875,25,37,150,130,689097.6,2451.4,12687.27,24,1,5148066,42.438,97.925,0.800,0.711
Cercopithecus_mitis,Papio_cynocephalus,14.875,25,40,221,201,1354452.7,461.2,10780.86,32.2,1,1245159,9.638,19.028,0.500,0.611
Cercopithecus_mitis,Papio_hamadryas,14.875,25,18,109,89,0.0,2469.7,8965.79,20.9,1,2539411,0.086,657.150,0.250,0.471
Cercopithecus_mitis,Papio_ursinus,14.875,25,45,144,124,258167.4,1426.1,12688.15,31,1,262420,27.501,551.522,0.541,0.514
Cercopithecus_mitis,Piliocolobus_badius,21.410,25,21,17,3,0.0,4736.2,3389.11,18,1,2785630,6.710,526.431,0.417,0.491
Cercopithecus_mitis,Pongo_pygmaeus,30.000,25,22,90,70,0.0,9398.6,48367,15,1,2941559,21.233,1504.669,0.093,0.093
Cercopithecus_mitis,Saguinus_midas,46.812,25,13,15,5,0.0,9503.1,4500.73,10.45,1,2365483,39.186,1084.334,0.073,0.224
Cercopithecus_mitis,Saimiri_oerstedii,46.812,25,12,11,9,0.0,12550.3,4327.11,9.1,0,3311454,38.582,1322.624,0.026,0.159
Cercopithecus_mitis,Saimiri_sciureus,46.812,25,33,269,249,0.0,10058.7,4291.82,18.85,0,1535785,39.260,1239.323,0.094,0.171
Cercopithecus_mitis,Trachypithecus_cristatus,21.410,25,16,13,7,0.0,8667.8,2135.52,11.4,0,2075557,22.145,1026.137,0.233,0.233
Chlorocebus_aethiops,Colobus_guereza,21.410,38,11,61,19,547979.8,1312.0,6229.89,9.7,2,2202258,7.008,566.116,0.361,0.541
Chlorocebus_aethiops,Erythrocebus_patas,8.627,38,10,61,19,526896.2,3001.3,4270.31,10.7,0,6381419,20.121,106.276,0.306,0.575
Chlorocebus_aethiops,Eulemur_fulvus,73.003,38,15,76,4,0.0,2611.2,1319,8.15,1,1212173,56.390,658.925,0.000,0.197
Chlorocebus_aethiops,Gorilla_gorilla,30.000,38,65,223,143,0.0,2823.3,108893,11.3,0,505349,14.150,898.522,0.117,0.231
Chlorocebus_aethiops,Lophocebus_albigena,14.875,38,14,40,40,0.0,2106.7,3722.72,1.3,2,394747,9.918,909.542,0.170,0.500
Chlorocebus_aethiops,Macaca_fascicularis,14.875,38,27,825,745,0.0,8050.3,873.33,9.7,0,1479608,67.429,928.561,0.131,0.221
Chlorocebus_aethiops,Macaca_fuscata,14.875,38,15,125,45,0.0,10661.7,6418.77,23.35,0,1097703,158.866,496.424,0.178,0.178
Chlorocebus_aethiops,Macaca_nemestrina,14.875,38,10,255,175,0.0,7789.9,4124.79,5.3,0,41738,52.438,1323.804,0.080,0.164
Chlorocebus_aethiops,Macaca_sinica,14.875,38,14,47,33,0.0,4867.9,960,2.8,0,1289446,75.807,437.800,0.040,0.213
Chlorocebus_aethiops,Mandrillus_sphinx,14.875,38,14,98,18,0.0,3075.8,12989.07,3.4,0,943614,29.731,882.051,0.130,0.375
Chlorocebus_aethiops,Pan_troglodytes,30.000,38,52,392,312,0.0,3334.1,41304.01,32.7,0,1856389,5.346,858.927,0.190,0.423
Chlorocebus_aethiops,Papio_anubis,14.875,38,37,180,100,751825.7,2421.5,14032.57,22.7,0,7130299,11.073,211.760,0.356,0.510
Chlorocebus_aethiops,Papio_cynocephalus,14.875,38,40,251,171,0.0,1886.1,12126.16,30.9,0,3227391,21.727,290.656,0.200,0.456
Chlorocebus_aethiops,Papio_hamadryas,14.875,38,18,139,59,274936.7,557.8,10311.09,19.6,0,557179,31.451,347.466,0.170,0.343
Chlorocebus_aethiops,Papio_ursinus,14.875,38,45,174,94,0.0,3713.5,14033.45,29.7,0,2244652,58.866,241.837,0.290,0.395
Chlorocebus_aethiops,Piliocolobus_badius,21.410,38,21,47,33,0.0,5123.7,4734.41,16.7,2,803397,24.655,836.115,0.204,0.371
Chlorocebus_aethiops,Pongo_pygmaeus,30.000,38,22,120,40,0.0,8526.9,49712.3,16.3,2,959326,10.133,1814.353,0.071,0.088
Chlorocebus_aethiops,Saguinus_midas,46.812,38,13,45,35,0.0,10356.2,3155.43,11.75,2,383250,7.820,1394.019,0.039,0.183
Chlorocebus_aethiops,Saimiri_oerstedii,46.812,38,12,41,39,0.0,13399.8,2981.81,7.8,1,1329221,69.947,1632.308,0.042,0.148
Chlorocebus_aethiops,Saimiri_sciureus,46.812,38,33,299,219,0.0,11012.0,2946.52,17.55,1,3518018,7.895,1549.007,0.029,0.152
Chlorocebus_aethiops,Trachypithecus_cristatus,21.410,38,16,43,37,0.0,7779.7,3480.82,10.1,1,93325,53.511,1335.822,0.137,0.185
Colobus_guereza,Erythrocebus_patas,21.410,11,10,42,0,1502561.5,1823.8,1959.58,20.4,2,4179161,27.129,459.840,0.717,0.773
Colobus_guereza,Eulemur_fulvus,73.003,11,15,57,15,0.0,3064.9,7548.89,1.55,1,3414431,49.382,92.808,0.000,0.350
Colobus_guereza,Gorilla_gorilla,30.000,11,65,204,162,415840.7,1513.2,102663.11,1.6,2,2707607,7.142,332.406,0.299,0.299
Colobus_guereza,Lophocebus_albigena,21.410,11,14,21,21,936727.1,817.3,2507.17,8.4,0,1807510,2.910,343.426,0.776,0.757
Colobus_guereza,Macaca_fascicularis,21.410,11,27,806,764,0.0,9229.2,5356.56,19.4,2,722650,60.421,362.444,0.200,0.294
Colobus_guereza,Macaca_fuscata,21.410,11,15,106,64,0.0,11562.2,188.88,33.05,2,3299961,151.858,69.692,0.310,0.231
Colobus_guereza,Macaca_nemestrina,21.410,11,10,236,194,0.0,8976.6,2105.1,15,2,2160520,45.431,757.688,0.276,0.323
Colobus_guereza,Macaca_sinica,21.410,11,14,28,14,0.0,6033.2,5269.89,12.5,2,3491704,68.799,128.316,0.240,0.424
Colobus_guereza,Mandrillus_sphinx,21.410,11,14,79,37,77192.4,1767.0,6759.18,6.3,2,3145872,22.723,315.935,0.457,0.604
Colobus_guereza,Pan_troglodytes,30.000,11,52,373,331,1204623.9,2054.3,35074.12,42.4,2,345869,1.662,292.811,0.589,0.536
Colobus_guereza,Papio_anubis,21.410,11,37,161,119,2467522.2,1249.2,7802.68,32.4,2,4928041,18.081,354.356,0.725,0.608
Colobus_guereza,Papio_cynocephalus,21.410,11,40,232,190,115436.2,1191.3,5896.27,40.6,2,1025134,14.719,275.460,0.471,0.559
Colobus_guereza,Papio_hamadryas,21.410,11,18,120,78,158774.0,1803.7,4081.2,29.3,2,2759437,24.443,913.582,0.276,0.512
Colobus_guereza,Papio_ursinus,21.410,11,45,155,113,0.0,2990.3,7803.56,39.4,2,42394,51.858,807.953,0.395,0.425
Colobus_guereza,Piliocolobus_badius,12.537,11,21,28,14,0.0,3965.4,1495.48,26.4,0,3005655,17.648,269.999,0.415,0.510
Colobus_guereza,Pongo_pygmaeus,30.000,11,22,101,59,0.0,9723.7,43482.41,6.6,0,3161584,3.125,1248.237,0.065,0.121
Colobus_guereza,Saguinus_midas,46.812,11,13,26,16,0.0,9152.1,9385.32,2.05,0,2585508,14.828,827.902,0.111,0.314
Colobus_guereza,Saimiri_oerstedii,46.812,11,12,22,20,0.0,12232.7,9211.7,17.5,1,3531479,62.939,1066.192,0.042,0.233
Colobus_guereza,Saimiri_sciureus,46.812,11,33,280,238,0.0,9790.3,9176.41,27.25,1,1315760,14.903,982.891,0.102,0.214
Colobus_guereza,Trachypithecus_cristatus,15.435,11,16,24,18,0.0,8972.3,2749.07,19.8,1,2295582,46.503,769.705,0.276,0.323
Erythrocebus_patas,Eulemur_fulvus,73.003,10,15,57,15,0.0,4778.2,5589.31,18.85,1,7593592,76.510,552.648,0.000,0.359
Erythrocebus_patas,Gorilla_gorilla,30.000,10,65,204,162,3215.0,897.8,104622.69,22,0,6886768,34.270,792.246,0.198,0.309
Erythrocebus_patas,Lophocebus_albigena,14.875,10,14,21,21,216556.1,1450.7,547.59,12,2,5986672,30.038,803.266,0.600,0.743
Erythrocebus_patas,Macaca_fascicularis,14.875,10,27,806,764,0.0,11034.1,3396.98,1,0,4901811,87.550,822.284,0.214,0.313
Erythrocebus_patas,Macaca_fuscata,14.875,10,15,106,64,0.0,13328.9,2148.46,12.65,0,7479122,178.987,390.148,0.269,0.269
Erythrocebus_patas,Macaca_nemestrina,14.875,10,10,236,194,0.0,10777.6,145.52,5.4,0,6339681,72.559,1217.527,0.333,0.357
Erythrocebus_patas,Macaca_sinica,14.875,10,14,28,14,0.0,7839.2,3310.31,7.9,0,7670865,95.927,331.524,0.120,0.371
Erythrocebus_patas,Mandrillus_sphinx,14.875,10,14,79,37,0.0,877.0,8718.76,14.1,0,7325033,49.852,775.775,0.448,0.652
Erythrocebus_patas,Pan_troglodytes,30.000,10,52,373,331,967417.9,631.9,37033.7,22,0,4525030,25.467,752.651,0.451,0.533
Erythrocebus_patas,Papio_anubis,14.875,10,37,161,119,5929346.3,583.9,9762.26,12,0,748880,9.048,105.484,0.593,0.611
Erythrocebus_patas,Papio_cynocephalus,14.875,10,40,232,190,14727.5,2570.2,7855.85,20.2,0,3154028,41.848,184.380,0.500,0.644
Erythrocebus_patas,Papio_hamadryas,14.875,10,18,120,78,0.0,3546.6,6040.78,8.9,0,6938598,51.572,453.742,0.143,0.478
Erythrocebus_patas,Papio_ursinus,14.875,10,45,155,113,0.0,3718.0,9763.14,19,0,4136767,78.987,348.113,0.283,0.442
Erythrocebus_patas,Piliocolobus_badius,21.410,10,21,28,14,99501.3,2144.2,464.1,6,2,7184816,44.776,729.839,0.417,0.553
Erythrocebus_patas,Pongo_pygmaeus,30.000,10,22,101,59,0.0,11519.9,45441.99,27,2,7340745,30.253,1708.077,0.067,0.125
Erythrocebus_patas,Saguinus_midas,46.812,10,13,26,16,0.0,7359.5,7425.74,22.45,2,6764669,12.300,1287.742,0.080,0.324
Erythrocebus_patas,Saimiri_oerstedii,46.812,10,12,22,20,0.0,10424.7,7252.12,2.9,1,7710640,90.068,1526.032,0.091,0.259
Erythrocebus_patas,Saimiri_sciureus,46.812,10,33,280,238,0.0,8011.4,7216.83,6.85,1,2863401,12.226,1442.731,0.068,0.226
Erythrocebus_patas,Trachypithecus_cristatus,21.410,10,16,24,18,0.0,10770.2,789.49,0.6,1,6474743,73.631,1229.545,0.273,0.294
Eulemur_fulvus,Gorilla_gorilla,73.003,15,65,219,147,0.0,4118.9,110212,3.15,1,706824,42.240,239.597,0.013,0.103
Eulemur_fulvus,Lophocebus_albigena,73.003,15,14,36,36,0.0,3355.2,5041.72,6.85,1,1606920,46.472,250.618,0.000,0.293
Eulemur_fulvus,Macaca_fascicularis,73.003,15,27,821,749,0.0,6720.3,2192.33,17.85,1,2691781,11.040,269.636,0.000,0.208
Eulemur_fulvus,Macaca_fuscata,73.003,15,15,121,49,0.0,8551.3,7737.77,31.5,1,114470,102.477,162.501,0.000,0.118
Eulemur_fulvus,Macaca_nemestrina,73.003,15,10,251,179,0.0,6507.6,5443.79,13.45,1,1253911,3.951,664.879,0.000,0.286
Eulemur_fulvus,Macaca_sinica,73.003,15,14,43,29,0.0,3752.2,2279,10.95,1,77273,19.417,221.124,0.036,0.289
Eulemur_fulvus,Mandrillus_sphinx,73.003,15,14,94,22,0.0,4339.9,14308.07,4.75,1,268559,26.658,223.127,0.036,0.250
Eulemur_fulvus,Pan_troglodytes,73.003,15,52,388,316,0.0,4770.0,42623.01,40.85,1,3068562,51.043,200.002,0.015,0.167
Eulemur_fulvus,Papio_anubis,73.003,15,37,176,104,0.0,4254.5,15351.57,30.85,1,8342472,67.463,447.165,0.020,0.219
Eulemur_fulvus,Papio_cynocephalus,73.003,15,40,247,175,0.0,2266.0,13445.16,39.05,1,4439564,34.662,368.269,0.019,0.243
Eulemur_fulvus,Papio_hamadryas,73.003,15,18,135,63,0.0,2279.3,11630.09,27.75,1,654994,24.938,1006.390,0.031,0.295
Eulemur_fulvus,Papio_ursinus,73.003,15,45,170,98,0.0,2751.4,15352.45,37.85,1,3456825,2.477,900.762,0.034,0.200
Eulemur_fulvus,Piliocolobus_badius,73.003,15,21,43,29,0.0,6818.5,6053.41,24.85,1,408776,31.734,177.191,0.029,0.190
Eulemur_fulvus,Pongo_pygmaeus,73.003,15,22,116,44,0.0,7245.7,51031.3,8.15,1,252847,46.257,1155.429,0.028,0.103
Eulemur_fulvus,Saguinus_midas,73.003,15,13,41,31,0.0,11664.6,1836.43,3.6,1,828923,64.210,735.094,0.000,0.067
Eulemur_fulvus,Saimiri_oerstedii,73.003,15,12,37,35,0.0,14685.4,1662.81,15.95,0,117049,13.557,973.384,0.000,0.069
Eulemur_fulvus,Saimiri_sciureus,73.003,15,33,295,223,0.0,12205.4,1627.52,25.7,0,4730190,64.284,890.082,0.000,0.059
Eulemur_fulvus,Trachypithecus_cristatus,73.003,15,16,39,33,0.0,6523.8,4799.82,18.25,0,1118848,2.879,676.897,0.000,0.244
Gorilla_gorilla,Lophocebus_albigena,30.000,65,14,183,183,655847.1,806.6,105170.28,10,2,900096,4.232,11.021,0.344,0.315
Gorilla_gorilla,Macaca_fascicularis,30.000,65,27,968,602,0.0,10639.1,108019.67,21,0,1984957,53.280,30.039,0.087,0.116
Gorilla_gorilla,Macaca_fuscata,30.000,65,15,268,98,0.0,12634.9,102474.23,34.65,0,592354,144.716,402.098,0.081,0.081
Gorilla_gorilla,Macaca_nemestrina,30.000,65,10,398,32,0.0,10395.6,104768.21,16.6,0,547087,38.289,425.282,0.064,0.088
Gorilla_gorilla,Macaca_sinica,30.000,65,14,190,176,0.0,7458.8,107933,14.1,0,784097,61.657,460.722,0.053,0.123
Gorilla_gorilla,Mandrillus_sphinx,30.000,65,14,241,125,319290.4,255.8,95903.93,7.9,0,438265,15.581,16.471,0.299,0.330
Gorilla_gorilla,Pan_troglodytes,8.652,65,52,535,169,658597.8,651.2,67588.99,44,0,2361738,8.803,39.595,0.393,0.363
Gorilla_gorilla,Papio_anubis,30.000,65,37,323,43,40087.0,833.1,94860.43,34,0,7635648,25.223,686.762,0.282,0.288
Gorilla_gorilla,Papio_cynocephalus,30.000,65,40,394,28,0.0,1854.2,96766.84,42.2,0,3732740,7.578,607.866,0.144,0.259
Gorilla_gorilla,Papio_hamadryas,30.000,65,18,282,84,0.0,3312.6,98581.91,30.9,0,51830,17.302,1245.987,0.118,0.212
Gorilla_gorilla,Papio_ursinus,30.000,65,45,317,49,0.0,2820.9,94859.55,41,0,2750001,44.717,1140.359,0.188,0.228
Gorilla_gorilla,Piliocolobus_badius,30.000,65,21,190,176,0.0,2700.7,104158.59,28,2,298048,10.506,62.406,0.200,0.281
Gorilla_gorilla,Pongo_pygmaeus,15.132,65,22,263,103,0.0,11146.9,59180.7,5,2,453977,4.017,915.831,0.088,0.088
Gorilla_gorilla,Saguinus_midas,46.812,65,13,188,178,0.0,7729.3,112048.43,0.45,2,122099,21.970,495.497,0.026,0.116
Gorilla_gorilla,Saimiri_oerstedii,46.812,65,12,184,182,0.0,10821.5,111874.81,19.1,1,823872,55.797,733.787,0.013,0.074
Gorilla_gorilla,Saimiri_sciureus,46.812,65,33,442,76,0.0,8346.4,111839.52,28.85,1,4023366,22.044,650.485,0.010,0.103
Gorilla_gorilla,Trachypithecus_cristatus,30.000,65,16,186,180,0.0,10396.7,105412.18,21.4,1,412024,39.361,437.300,0.101,0.101
Lophocebus_albigena,Macaca_fascicularis,12.853,14,27,785,785,0.0,9832.5,2849.39,11,2,1084860,57.512,19.018,0.180,0.241
Lophocebus_albigena,Macaca_fuscata,12.853,14,15,85,85,0.0,11901.1,2696.05,24.65,2,1492450,148.948,413.119,0.258,0.233
Lophocebus_albigena,Macaca_nemestrina,12.853,14,10,215,215,0.0,9589.2,402.07,6.6,2,353009,42.521,414.261,0.273,0.273
Lophocebus_albigena,Macaca_sinica,12.853,14,14,7,7,0.0,6653.4,2762.72,4.1,2,1684193,65.889,471.742,0.185,0.371
Lophocebus_albigena,Mandrillus_sphinx,11.350,14,14,58,58,308724.9,1056.7,9266.35,2.1,2,1338361,19.814,27.491,0.556,0.592
Lophocebus_albigena,Pan_troglodytes,30.000,14,52,352,352,1369242.6,1439.1,37581.29,34,2,1461642,4.571,50.615,0.609,0.515
Lophocebus_albigena,Papio_anubis,5.769,14,37,140,140,788728.7,1023.8,10309.85,24,2,6735552,20.991,697.783,0.694,0.616
Lophocebus_albigena,Papio_cynocephalus,5.769,14,40,211,211,931.0,1119.9,8403.44,32.2,2,2832644,11.810,618.887,0.344,0.565
Lophocebus_albigena,Papio_hamadryas,5.769,14,18,99,99,0.0,2558.2,6588.37,20.9,2,951926,21.534,1257.008,0.200,0.467
Lophocebus_albigena,Papio_ursinus,5.769,14,45,134,134,0.0,2519.4,10310.73,31,2,1849905,48.949,1151.380,0.348,0.411
Lophocebus_albigena,Piliocolobus_badius,21.410,14,21,7,7,0.0,3472.3,1011.69,18,0,1198144,14.738,73.427,0.419,0.500
Lophocebus_albigena,Pongo_pygmaeus,30.000,14,22,80,80,0.0,10340.6,45989.58,15,0,1354073,0.215,904.811,0.059,0.111
Lophocebus_albigena,Saguinus_midas,46.812,14,13,5,5,0.0,8535.8,6878.15,10.45,0,777998,17.738,484.476,0.100,0.270
Lophocebus_albigena,Saimiri_oerstedii,46.812,14,12,1,1,0.0,11628.0,6704.53,9.1,1,1723969,60.029,722.766,0.040,0.200
Lophocebus_albigena,Saimiri_sciureus,46.812,14,33,259,259,0.0,9151.4,6669.24,18.85,1,3123270,17.812,639.465,0.113,0.190
Lophocebus_albigena,Trachypithecus_cristatus,21.410,14,16,3,3,0.0,9590.5,241.9,11.4,1,488072,43.593,426.279,0.257,0.257
Macaca_fascicularis,Macaca_fuscata,6.878,27,15,870,700,0.0,3364.3,5545.44,13.65,0,2577311,91.437,432.137,0.211,0.189
Macaca_fascicularis,Macaca_nemestrina,6.878,27,10,1000,570,1376094.2,270.5,3251.46,4.4,0,1437869,14.991,395.243,0.761,0.564
Macaca_fascicularis,Macaca_sinica,6.878,27,14,792,778,0.0,3196.3,86.67,6.9,0,2769054,8.377,490.761,0.133,0.278
Macaca_fascicularis,Mandrillus_sphinx,12.853,27,14,843,727,0.0,10887.6,12115.74,13.1,0,2423222,37.698,46.509,0.114,0.204
Macaca_fascicularis,Pan_troglodytes,30.000,27,52,1137,433,0.0,11255.7,40430.68,23,0,376781,62.083,69.634,0.123,0.174
Macaca_fascicularis,Papio_anubis,12.853,27,37,925,645,0.0,10450.3,13159.24,13,0,5650691,78.502,716.801,0.176,0.211
Macaca_fascicularis,Papio_cynocephalus,12.853,27,40,996,574,0.0,8884.9,11252.83,21.2,0,1747784,45.702,637.905,0.141,0.197
Macaca_fascicularis,Papio_hamadryas,12.853,27,18,884,686,0.0,7496.5,9437.76,9.9,0,2036786,35.978,1276.026,0.089,0.255
Macaca_fascicularis,Papio_ursinus,12.853,27,45,919,651,0.0,9253.0,13160.12,20,0,765045,8.563,1170.398,0.151,0.162
Macaca_fascicularis,Piliocolobus_badius,21.410,27,21,792,778,0.0,13171.9,3861.08,7,2,2283005,42.774,92.445,0.087,0.208
Macaca_fascicularis,Pongo_pygmaeus,30.000,27,22,865,705,127894.6,526.2,48838.97,26,2,2438934,57.297,885.793,0.085,0.204
Macaca_fascicularis,Saguinus_midas,46.812,27,13,790,780,0.0,18366.4,4028.76,21.45,2,1862858,75.250,465.458,0.026,0.156
Macaca_fascicularis,Saimiri_oerstedii,46.812,27,12,786,784,0.0,18567.5,3855.14,1.9,1,2808829,2.518,703.748,0.000,0.093
Macaca_fascicularis,Saimiri_sciureus,46.812,27,33,1044,526,0.0,18914.5,3819.85,7.85,1,2038410,75.324,620.446,0.000,0.104
Macaca_fascicularis,Trachypithecus_cristatus,21.410,27,16,788,782,1223988.8,304.5,2607.49,0.4,1,1572932,13.919,407.261,0.654,0.426
Macaca_fuscata,Macaca_nemestrina,6.037,15,10,300,130,0.0,3610.7,2293.98,18.05,0,1139441,106.428,827.380,0.207,0.207
Macaca_fuscata,Macaca_sinica,6.037,15,14,92,78,0.0,6008.9,5458.77,20.55,0,191743,83.059,58.624,0.074,0.194
Macaca_fuscata,Mandrillus_sphinx,12.853,15,14,143,27,0.0,12832.6,6570.3,26.75,0,154089,129.135,385.627,0.115,0.179
Macaca_fuscata,Pan_troglodytes,30.000,15,52,437,267,0.0,13281.4,34885.24,9.35,0,2954092,153.520,362.503,0.131,0.131
Macaca_fuscata,Papio_anubis,12.853,15,37,225,55,0.0,12792.3,7613.8,0.65,0,8228002,169.939,284.664,0.217,0.182
Macaca_fuscata,Papio_cynocephalus,12.853,15,40,296,126,0.0,10791.1,5707.39,7.55,0,4325094,137.139,205.768,0.180,0.180
Macaca_fuscata,Papio_hamadryas,12.853,15,18,184,14,0.0,10117.4,3892.32,3.75,0,540524,127.415,843.889,0.179,0.233
Macaca_fuscata,Papio_ursinus,12.853,15,45,219,49,0.0,10280.2,7614.68,6.35,0,3342355,100.000,738.261,0.154,0.154
Macaca_fuscata,Piliocolobus_badius,21.410,15,21,92,78,0.0,15315.9,1684.36,6.65,2,294306,134.211,339.692,0.200,0.200
Macaca_fuscata,Pongo_pygmaeus,30.000,15,22,165,5,0.0,3184.5,43293.53,39.65,2,138377,148.733,1317.929,0.088,0.114
Macaca_fuscata,Saguinus_midas,46.812,15,13,90,80,0.0,17309.3,9574.2,35.1,2,714453,166.687,897.595,0.037,0.037
Macaca_fuscata,Saimiri_oerstedii,46.812,15,12,86,84,0.0,15562.9,9400.58,15.55,1,231518,88.919,1135.885,0.000,0.000
Macaca_fuscata,Saimiri_sciureus,46.812,15,33,344,174,0.0,16841.3,9365.29,5.8,1,4615721,166.761,1052.583,0.020,0.000
Macaca_fuscata,Trachypithecus_cristatus,21.410,15,16,88,82,0.0,3660.7,2937.95,13.25,1,1004378,105.356,839.398,0.207,0.233
Macaca_nemestrina,Macaca_sinica,6.037,10,14,222,208,0.0,2943.8,3164.79,2.5,0,1331184,23.368,886.004,0.214,0.353
Macaca_nemestrina,Mandrillus_sphinx,12.853,10,14,273,157,0.0,10645.1,8864.28,8.7,0,985352,22.707,441.753,0.185,0.241
Macaca_nemestrina,Pan_troglodytes,30.000,10,52,567,137,0.0,11008.3,37179.22,27.4,0,1814651,47.092,464.877,0.130,0.143
Macaca_nemestrina,Papio_anubis,12.853,10,37,355,75,0.0,10193.7,9907.78,17.4,0,7088561,63.511,1112.044,0.167,0.182
Macaca_nemestrina,Papio_cynocephalus,12.853,10,40,426,4,0.0,8653.9,8001.37,25.6,0,3185653,30.711,1033.148,0.158,0.172
Macaca_nemestrina,Papio_hamadryas,12.853,10,18,314,116,0.0,7236.9,6186.3,14.3,0,598917,20.987,1671.269,0.103,0.257
Macaca_nemestrina,Papio_ursinus,12.853,10,45,349,81,0.0,9072.4,9908.66,24.4,0,2202914,6.428,1565.641,0.172,0.159
Macaca_nemestrina,Piliocolobus_badius,21.410,10,21,222,208,0.0,12912.9,609.62,11.4,2,845135,27.783,487.688,0.094,0.194
Macaca_nemestrina,Pongo_pygmaeus,30.000,10,22,295,135,127894.6,751.6,45587.51,21.6,2,1001064,42.306,490.550,0.063,0.231
Macaca_nemestrina,Saguinus_midas,46.812,10,13,220,210,0.0,18124.6,7280.22,17.05,2,424989,60.259,70.215,0.000,0.080
Macaca_nemestrina,Saimiri_oerstedii,46.812,10,12,216,214,0.0,18812.4,7106.6,2.5,1,1370960,17.509,308.505,0.000,0.083
Macaca_nemestrina,Saimiri_sciureus,46.812,10,33,474,44,0.0,18712.9,7071.31,12.25,1,3476279,60.333,225.203,0.000,0.065
Macaca_nemestrina,Trachypithecus_cristatus,21.410,10,16,218,212,1218496.3,66.7,643.97,4.8,1,135063,1.072,12.018,0.739,0.514
Macaca_sinica,Mandrillus_sphinx,12.853,14,14,65,51,0.0,7710.1,12029.07,6.2,0,345832,46.076,444.251,0.154,0.313
Macaca_sinica,Pan_troglodytes,30.000,14,52,359,345,0.0,8066.1,40344.01,29.9,0,3145835,70.461,421.127,0.115,0.217
Macaca_sinica,Papio_anubis,12.853,14,37,147,133,0.0,7255.5,13072.57,19.9,0,8419745,86.880,226.040,0.122,0.232
Macaca_sinica,Papio_cynocephalus,12.853,14,40,218,204,0.0,5760.0,11166.16,28.1,0,4516837,54.079,147.144,0.080,0.220
Macaca_sinica,Papio_hamadryas,12.853,14,18,106,92,0.0,4311.2,9351.09,16.8,0,732267,44.356,785.266,0.103,0.333
Macaca_sinica,Papio_ursinus,12.853,14,45,141,127,0.0,6477.5,13073.45,26.9,0,3534098,16.940,679.637,0.073,0.190
Macaca_sinica,Piliocolobus_badius,21.410,14,21,14,0,0.0,9980.0,3774.41,13.9,2,486049,51.151,398.315,0.129,0.270
Macaca_sinica,Pongo_pygmaeus,30.000,14,22,87,73,0.0,3692.7,48752.3,19.1,2,330120,65.674,1376.553,0.161,0.257
Macaca_sinica,Saguinus_midas,46.812,14,13,12,2,0.0,15182.4,4115.43,14.55,2,906196,83.627,956.218,0.000,0.129
Macaca_sinica,Saimiri_oerstedii,46.812,14,12,8,6,0.0,18263.9,3941.81,5,1,39775,5.860,1194.508,0.000,0.103
Macaca_sinica,Saimiri_sciureus,46.812,14,33,266,252,0.0,15804.6,3906.52,14.75,1,4807464,83.701,1111.207,0.000,0.096
Macaca_sinica,Trachypithecus_cristatus,21.410,14,16,10,4,0.0,2941.2,2520.82,7.3,1,1196121,22.296,898.022,0.200,0.333
Mandrillus_sphinx,Pan_troglodytes,30.000,14,52,410,294,312321.6,456.1,28314.94,36.1,0,2800003,24.385,23.124,0.342,0.375
Mandrillus_sphinx,Papio_anubis,11.350,14,37,198,82,0.0,974.3,1043.5,26.1,0,8073913,40.804,670.291,0.315,0.456
Mandrillus_sphinx,Papio_cynocephalus,11.350,14,40,269,153,0.0,2074.1,862.91,34.3,0,4171005,8.004,591.395,0.208,0.449
Mandrillus_sphinx,Papio_hamadryas,11.350,14,18,157,41,0.0,3567.7,2677.98,23,0,386435,1.720,1229.517,0.214,0.436
Mandrillus_sphinx,Papio_ursinus,11.350,14,45,192,76,0.0,2898.8,1044.38,33.1,0,3188266,29.135,1123.888,0.161,0.299
Mandrillus_sphinx,Piliocolobus_badius,21.410,14,21,65,51,0.0,2489.9,8254.66,20.1,2,140217,5.076,45.936,0.300,0.543
Mandrillus_sphinx,Pongo_pygmaeus,30.000,14,22,138,22,0.0,11396.6,36723.23,12.9,2,15712,19.599,932.302,0.161,0.161
Mandrillus_sphinx,Saguinus_midas,46.812,14,13,63,53,0.0,7480.2,16144.5,8.35,2,560364,37.552,511.967,0.036,0.270
Mandrillus_sphinx,Saimiri_oerstedii,46.812,14,12,59,57,0.0,10572.3,15970.88,11.2,1,385607,40.216,750.257,0.000,0.188
Mandrillus_sphinx,Saimiri_sciureus,46.812,14,33,317,201,0.0,8094.7,15935.59,20.95,1,4461631,37.626,666.956,0.021,0.190
Mandrillus_sphinx,Trachypithecus_cristatus,21.410,14,16,61,55,0.0,10646.8,9508.25,13.5,1,850289,23.779,453.770,0.161,0.212
Pan_troglodytes,Papio_anubis,30.000,52,37,492,212,1278735.1,1002.5,27271.44,10,0,5273910,16.419,647.167,0.601,0.504
Pan_troglodytes,Papio_cynocephalus,30.000,52,40,563,141,54903.8,2505.4,29177.85,1.8,0,1371002,16.381,568.271,0.319,0.475
Pan_troglodytes,Papio_hamadryas,30.000,52,18,451,253,0.0,3852.3,30992.92,13.1,0,2413568,26.105,1206.393,0.108,0.275
Pan_troglodytes,Papio_ursinus,30.000,52,45,486,218,0.0,3330.1,27270.56,3,0,388263,53.520,1100.764,0.284,0.357
Pan_troglodytes,Piliocolobus_badius,30.000,52,21,359,345,333679.5,2049.6,36569.6,16,2,2659786,19.309,22.812,0.364,0.364
Pan_troglodytes,Pongo_pygmaeus,15.132,52,22,432,272,0.0,11758.4,8408.29,49,2,2815715,4.786,955.426,0.088,0.088
Pan_troglodytes,Saguinus_midas,46.812,52,13,357,347,0.0,7116.7,44459.44,44.45,2,2239640,13.167,535.092,0.045,0.149
Pan_troglodytes,Saimiri_oerstedii,46.812,52,12,353,351,0.0,10206.7,44285.82,24.9,1,3185611,64.601,773.381,0.015,0.099
Pan_troglodytes,Saimiri_sciureus,46.812,52,33,611,93,0.0,7745.0,44250.53,15.15,1,1661628,13.241,690.080,0.067,0.126
Pan_troglodytes,Trachypithecus_cristatus,30.000,52,16,355,349,0.0,11007.1,37823.19,22.6,1,1949714,48.164,476.895,0.130,0.143
Papio_anubis,Papio_cynocephalus,2.058,37,40,351,71,426416.5,2108.0,1906.41,8.2,0,3902908,32.800,78.896,0.557,0.574
Papio_anubis,Papio_hamadryas,1.277,37,18,239,41,79046.8,2964.4,3721.48,3.1,0,7687478,42.524,559.225,0.311,0.456
Papio_anubis,Papio_ursinus,2.678,37,45,274,6,0.0,3482.7,0.88,7,0,4885647,69.939,453.597,0.534,0.500
Papio_anubis,Piliocolobus_badius,21.410,37,21,147,133,18728.6,2726.7,9298.16,6,2,7933696,35.728,624.356,0.356,0.415
Papio_anubis,Pongo_pygmaeus,30.000,37,22,220,60,0.0,10936.3,35679.73,39,2,8089625,21.206,1602.594,0.073,0.073
Papio_anubis,Saguinus_midas,46.812,37,13,145,135,0.0,7942.8,17188,34.45,2,7513549,3.253,1182.259,0.057,0.180
Papio_anubis,Saimiri_oerstedii,46.812,37,12,141,139,0.0,11008.4,17014.38,14.9,1,8459520,81.020,1420.549,0.021,0.130
Papio_anubis,Saimiri_sciureus,46.812,37,33,399,119,0.0,8593.4,16979.09,5.15,1,3612282,3.178,1337.247,0.079,0.146
Papio_anubis,Trachypithecus_cristatus,21.410,37,16,143,137,0.0,10186.5,10551.75,12.6,1,7223624,64.584,1124.062,0.167,0.182
Papio_cynocephalus,Papio_hamadryas,2.058,40,18,310,112,0.0,2119.7,1815.07,11.3,0,3784570,9.724,638.121,0.176,0.364
Papio_cynocephalus,Papio_ursinus,2.678,40,45,345,77,17254.5,1874.9,1907.29,1.2,0,982739,37.139,532.493,0.400,0.407
Papio_cynocephalus,Piliocolobus_badius,21.410,40,21,218,204,0.0,4554.9,7391.75,14.2,2,4030788,2.928,545.460,0.271,0.377
Papio_cynocephalus,Pongo_pygmaeus,30.000,40,22,291,131,0.0,9403.6,37586.14,47.2,2,4186717,11.595,1523.697,0.069,0.069
Papio_cynocephalus,Saguinus_midas,46.812,40,13,216,206,0.0,9483.3,15281.59,42.65,2,3610642,29.548,1103.363,0.019,0.159
Papio_cynocephalus,Saimiri_oerstedii,46.812,40,12,212,210,0.0,12561.1,15107.97,23.1,1,4556613,48.220,1341.653,0.038,0.107
Papio_cynocephalus,Saimiri_sciureus,46.812,40,33,470,48,0.0,10066.4,15072.68,13.35,1,290626,29.622,1258.351,0.027,0.134
Papio_cynocephalus,Trachypithecus_cristatus,21.410,40,16,214,208,0.0,8661.9,8645.34,20.8,1,3320716,31.783,1045.166,0.148,0.161
Papio_hamadryas,Papio_ursinus,2.678,18,45,233,35,0.0,3828.0,3722.36,10.1,0,2801831,27.415,105.628,0.250,0.339
Papio_hamadryas,Piliocolobus_badius,21.410,18,21,106,92,0.0,5676.0,5576.68,2.9,2,246218,6.796,1183.581,0.206,0.372
Papio_hamadryas,Pongo_pygmaeus,30.000,18,22,179,19,0.0,7975.8,39401.21,35.9,2,402147,21.319,2161.819,0.111,0.111
Papio_hamadryas,Saguinus_midas,46.812,18,13,104,94,0.0,10905.4,13466.52,31.35,2,173928,39.272,1741.484,0.000,0.205
Papio_hamadryas,Saimiri_oerstedii,46.812,18,12,100,98,0.0,13955.5,13292.9,11.8,1,772043,38.496,1979.774,0.034,0.176
Papio_hamadryas,Saimiri_sciureus,46.812,18,33,358,160,0.0,11557.8,13257.61,2.05,1,4075196,39.346,1896.472,0.000,0.150
Papio_hamadryas,Trachypithecus_cristatus,21.410,18,16,102,96,0.0,7227.5,6830.27,9.5,1,463854,22.059,1683.287,0.125,0.243
Papio_ursinus,Piliocolobus_badius,21.410,45,21,141,127,0.0,5140.9,9299.04,13,2,3048049,34.211,1077.953,0.254,0.313
Papio_ursinus,Pongo_pygmaeus,30.000,45,22,214,54,0.0,9775.3,35678.85,46,2,3203978,48.734,2056.191,0.081,0.081
Papio_ursinus,Saguinus_midas,46.812,45,13,139,129,0.0,9205.8,17188.88,41.45,2,2627903,66.687,1635.856,0.033,0.079
Papio_ursinus,Saimiri_oerstedii,46.812,45,12,135,133,0.0,12066.1,17015.26,21.9,1,3573874,11.081,1874.146,0.018,0.068
Papio_ursinus,Saimiri_sciureus,46.812,45,33,393,125,0.0,9661.9,16979.97,12.15,1,1273365,66.761,1790.844,0.037,0.071
Papio_ursinus,Trachypithecus_cristatus,21.410,45,16,137,131,0.0,9099.0,10552.63,19.6,1,2337977,5.356,1577.659,0.172,0.159
Piliocolobus_badius,Pongo_pygmaeus,30.000,21,22,87,73,0.0,13650.4,44977.89,33,0,155929,14.523,978.238,0.132,0.132
Piliocolobus_badius,Saguinus_midas,46.812,21,13,12,2,0.0,5235.1,7889.84,28.45,0,420147,32.476,557.903,0.029,0.244
Piliocolobus_badius,Saimiri_oerstedii,46.812,21,12,8,6,0.0,8284.0,7716.22,8.9,1,525824,45.292,796.193,0.065,0.194
Piliocolobus_badius,Saimiri_sciureus,46.812,21,33,266,252,0.0,5898.5,7680.93,0.85,1,4321415,32.550,712.892,0.055,0.188
Piliocolobus_badius,Trachypithecus_cristatus,15.435,21,16,10,4,0.0,12903.2,1253.59,6.6,1,710073,28.855,499.706,0.171,0.194
Pongo_pygmaeus,Saguinus_midas,46.812,22,13,85,75,0.0,18875.0,52867.73,4.55,0,576076,17.953,420.335,0.000,0.028
Pongo_pygmaeus,Saimiri_oerstedii,46.812,22,12,81,79,0.0,18060.8,52694.11,24.1,1,369895,59.814,182.045,0.000,0.029
Pongo_pygmaeus,Saimiri_sciureus,46.812,22,33,339,179,0.0,19436.3,52658.82,33.85,1,4477344,18.027,265.346,0.000,0.035
Pongo_pygmaeus,Trachypithecus_cristatus,30.000,22,16,83,77,127894.6,751.5,46231.48,26.4,1,866001,43.378,478.532,0.081,0.209
Saguinus_midas,Saimiri_oerstedii,20.093,13,12,6,4,0.0,3092.2,173.62,19.55,1,945971,77.768,238.290,0.190,0.414
Saguinus_midas,Saimiri_sciureus,20.093,13,33,264,254,871775.9,684.7,208.91,29.3,1,3901268,0.074,154.988,0.516,0.362
Saguinus_midas,Trachypithecus_cristatus,46.812,13,16,8,2,0.0,18123.5,6636.25,21.85,1,289926,61.331,58.197,0.000,0.065
Saimiri_oerstedii,Saimiri_sciureus,1.403,12,33,260,258,0.0,2495.2,35.29,9.75,0,4847239,77.842,83.301,0.175,0.298
Saimiri_oerstedii,Trachypithecus_cristatus,46.812,12,16,4,2,0.0,18807.1,6462.63,2.3,0,1235897,16.436,296.487,0.000,0.067
Saimiri_sciureus,Trachypithecus_cristatus,46.812,33,16,262,256,0.0,18726.3,6427.34,7.45,0,3611342,61.405,213.185,0.000,0.058
